"","X1","Publication","Title","Tagline","Author","Category","City","day","month","year","sentiment.WordCount","sentiment.SentimentGI","sentiment.NegativityGI","sentiment.PositivityGI","sentiment.SentimentHE","sentiment.NegativityHE","sentiment.PositivityHE","sentiment.SentimentLM","sentiment.NegativityLM","sentiment.PositivityLM","sentiment.RatioUncertaintyLM","sentiment.SentimentQDAP","sentiment.NegativityQDAP","sentiment.PositivityQDAP","SS","sentiment.WordCount","sentiment.SentimentGI","sentiment.NegativityGI","sentiment.PositivityGI","sentiment.SentimentHE","sentiment.NegativityHE","sentiment.PositivityHE","sentiment.SentimentLM","sentiment.NegativityLM","sentiment.PositivityLM","sentiment.RatioUncertaintyLM","sentiment.SentimentQDAP","sentiment.NegativityQDAP","sentiment.PositivityQDAP","sentiment2.WordCount","sentiment2.SentimentGI","sentiment2.NegativityGI","sentiment2.PositivityGI","sentiment2.SentimentHE","sentiment2.NegativityHE","sentiment2.PositivityHE","sentiment2.SentimentLM","sentiment2.NegativityLM","sentiment2.PositivityLM","sentiment2.RatioUncertaintyLM","sentiment2.SentimentQDAP","sentiment2.NegativityQDAP","sentiment2.PositivityQDAP","SS2"
"1",  1,"Fox News","Trump vows 'second wave' of coronavirus won't shut down US",NA,NA,"us","national", 1,6,2020, 7, 0.00000000,0.00000000,0.00000000, 0.00000000,0.0000000,0.00000000,-0.14285714,0.14285714,0.00000000,0.00000000, 0.14285714,0.00000000,0.14285714, 1, 7.00000000, 0.00000000, 0.00000000, 0.00000000, 0.00000000, 0.00000000, 0.00000000,-0.14285714, 0.14285714, 0.00000000, 0.00000000, 0.14285714, 0.00000000, 0.14285714, 0.00000000,NA,NA,NA,NA,NA,NA,NA,NA,NA,NA,NA,NA,NA,NA
"2",  2,"Fox News","Trump, in Michigan: 'We're not going to close the country' if there's a 2nd wave of coronavirus cases","President Trump acknowledged on Thursday that there could be a second wave of the coronavirus epidemic later this year, but flatly stated he wouldn’t let any further outbreaks shutter the economy again.",NA,"politics","national", 1,6,2020, 8, 0.00000000,0.12500000,0.12500000, 0.00000000,0.0000000,0.00000000,-0.12500000,0.12500000,0.00000000,0.00000000, 0.12500000,0.00000000,0.12500000, 1, 8.00000000, 0.00000000, 0.12500000, 0.12500000, 0.00000000, 0.00000000, 0.00000000,-0.12500000, 0.12500000, 0.00000000, 0.00000000, 0.12500000, 0.00000000, 0.12500000,17.00000000,-0.05882353, 0.17647059, 0.11764706, 0.00000000, 0.00000000, 0.00000000, 0.00000000, 0.00000000, 0.00000000, 0.00000000, 0.00000000, 0.11764706, 0.11764706, 0
"3",  3,"Fox News","Second, deadlier wave of coronavirus could be on the way later this year, CDC director warns","President Trump acknowledged on Thursday that there could be a second wave of the coronavirus epidemic later this year, but flatly stated he wouldn’t let any further outbreaks shutter the economy again.",NA,"us","national", 1,5,2020,10, 0.00000000,0.00000000,0.00000000, 0.00000000,0.0000000,0.00000000,-0.10000000,0.10000000,0.00000000,0.00000000,-0.10000000,0.10000000,0.00000000,-1,10.00000000, 0.00000000, 0.00000000, 0.00000000, 0.00000000, 0.00000000, 0.00000000,-0.10000000, 0.10000000, 0.00000000, 0.00000000,-0.10000000, 0.10000000, 0.00000000,17.00000000,-0.05882353, 0.17647059, 0.11764706, 0.00000000, 0.00000000, 0.00000000, 0.00000000, 0.00000000, 0.00000000, 0.00000000, 0.00000000, 0.11764706, 0.11764706, 0
"4",  4,"Fox News","South Korea struggles with new spikes, but WHO disputes claim of 'second wave'","The country was touted as a prime example early during the pandemic, but has stumbled with a return to normal.",NA,"world","national",28,6,2020, 9,-0.22222222,0.22222222,0.00000000, 0.00000000,0.0000000,0.00000000,-0.22222222,0.22222222,0.00000000,0.00000000,-0.22222222,0.22222222,0.00000000,-1, 9.00000000,-0.22222222, 0.22222222, 0.00000000, 0.00000000, 0.00000000, 0.00000000,-0.22222222, 0.22222222, 0.00000000, 0.00000000,-0.22222222, 0.22222222, 0.00000000, 9.00000000, 0.33333333, 0.00000000, 0.33333333, 0.00000000, 0.00000000, 0.00000000, 0.00000000, 0.00000000, 0.00000000, 0.00000000,-0.22222222, 0.22222222, 0.00000000,-1
"5",  5,"Fox News","Trump criticizes Sweden's no-lockdown stance after WHO praise, claims US made ‘correct decision’","President Trump on Thursday took aim at Sweden’s decision to not order lockdowns in response to the coronavirus epidemic, claiming the U.S. made “the correct decision” after the World Health Organization praised the Scandinavian country’s more moderate approach.",NA,"politics","national", 1,5,2020,10, 0.00000000,0.10000000,0.10000000, 0.00000000,0.0000000,0.00000000,-0.20000000,0.20000000,0.00000000,0.00000000, 0.10000000,0.10000000,0.20000000, 1,10.00000000, 0.00000000, 0.10000000, 0.10000000, 0.00000000, 0.00000000, 0.00000000,-0.20000000, 0.20000000, 0.00000000, 0.00000000, 0.10000000, 0.10000000, 0.20000000,24.00000000, 0.25000000, 0.08333333, 0.33333333, 0.00000000, 0.00000000, 0.00000000,-0.08333333, 0.08333333, 0.00000000, 0.00000000, 0.25000000, 0.04166667, 0.29166667, 1
"6",  6,"Fox News","Fred Fleitz: After coronavirus pandemic ends, investigations must review responses by China, US and others","While work to find treatments and a vaccine to protect us from the coronavirus accelerates around the world – and as we sadly see a growing number of hospitalizations and deaths caused by the virus – it’s not too early to plan how to review the American and international responses to the pandemic once it has ended.",NA,"opinion","national", 1,4,2020,11, 0.09090909,0.00000000,0.09090909, 0.00000000,0.0000000,0.00000000,-0.09090909,0.09090909,0.00000000,0.00000000, 0.09090909,0.00000000,0.09090909, 1,11.00000000, 0.09090909, 0.00000000, 0.09090909, 0.00000000, 0.00000000, 0.00000000,-0.09090909, 0.09090909, 0.00000000, 0.00000000, 0.09090909, 0.00000000, 0.09090909,25.00000000, 0.04000000, 0.08000000, 0.12000000, 0.04000000, 0.00000000, 0.04000000, 0.00000000, 0.00000000, 0.00000000, 0.00000000, 0.04000000, 0.12000000, 0.16000000, 1
"7",  7,"Fox News","MSNBC anchor surprised by Trump's high approval ratings: People see him as a leader 'no matter what he says'","MSNBC anchor Andrea Mitchell seemed surprised on Wednesday that people saw President Trump as a leader given the way he handled the coronavirus pandemic.",NA,"media","national", 1,4,2020,12, 0.08333333,0.08333333,0.16666667, 0.16666667,0.0000000,0.16666667, 0.00000000,0.00000000,0.00000000,0.00000000, 0.16666667,0.00000000,0.16666667, 1,12.00000000, 0.08333333, 0.08333333, 0.16666667, 0.16666667, 0.00000000, 0.16666667, 0.00000000, 0.00000000, 0.00000000, 0.00000000, 0.16666667, 0.00000000, 0.16666667,17.00000000, 0.00000000, 0.00000000, 0.00000000, 0.05882353, 0.00000000, 0.05882353, 0.00000000, 0.00000000, 0.00000000, 0.05882353, 0.05882353, 0.00000000, 0.05882353, 1
"8",  8,"Fox News","States send mixed messages on whether coronavirus rebound could trigger second round of shutdowns","As most states move to at least partially reopen their economies and lift orders requiring people to stay at home to slow the spread of the coronavirus, they are sending mixed messages on whether or not the controversial restrictions could be fully or partially re-implemented if there is another increase of cases.",NA,"politics","national", 1,6,2020,11, 0.09090909,0.09090909,0.18181818, 0.00000000,0.0000000,0.00000000, 0.00000000,0.09090909,0.09090909,0.00000000, 0.09090909,0.00000000,0.09090909, 1,11.00000000, 0.09090909, 0.09090909, 0.18181818, 0.00000000, 0.00000000, 0.00000000, 0.00000000, 0.09090909, 0.09090909, 0.00000000, 0.09090909, 0.00000000, 0.09090909,27.00000000,-0.07407407, 0.18518519, 0.11111111, 0.00000000, 0.03703704, 0.03703704,-0.07407407, 0.07407407, 0.00000000, 0.00000000,-0.11111111, 0.18518519, 0.07407407,-1
"9",  9,"Fox News","More than 100 million people in China face new lockdown as second wave of COVID-19 cases emerge","Nearly 108 million people in China's Jilin province are being forced back on lockdown after a growing group of new coronavirus infections has triggered a backslide in the nation's push to return to normal.",NA,"world","national", 1,6,2020,11,-0.09090909,0.09090909,0.00000000, 0.00000000,0.0000000,0.00000000, 0.00000000,0.00000000,0.00000000,0.00000000,-0.09090909,0.09090909,0.00000000,-1,11.00000000,-0.09090909, 0.09090909, 0.00000000, 0.00000000, 0.00000000, 0.00000000, 0.00000000, 0.00000000, 0.00000000, 0.00000000,-0.09090909, 0.09090909, 0.00000000,20.00000000, 0.00000000, 0.15000000, 0.15000000, 0.05000000, 0.00000000, 0.05000000,-0.05000000, 0.05000000, 0.00000000, 0.05000000,-0.10000000, 0.10000000, 0.00000000,-1
"10", 10,"Fox News","China reports largest uptick in coronavirus cases in more than a month, says most were 'imported'","China on Monday reported its largest uptick in new coronavirus infections in more than a month, but said most of them are imported.",NA,"world","national", 1,4,2020, 9, 0.11111111,0.00000000,0.11111111, 0.11111111,0.0000000,0.11111111, 0.00000000,0.00000000,0.00000000,0.00000000, 0.11111111,0.00000000,0.11111111, 1, 9.00000000, 0.11111111, 0.00000000, 0.11111111, 0.11111111, 0.00000000, 0.11111111, 0.00000000, 0.00000000, 0.00000000, 0.00000000, 0.11111111, 0.00000000, 0.11111111,11.00000000, 0.00000000, 0.09090909, 0.09090909, 0.09090909, 0.00000000, 0.09090909, 0.00000000, 0.00000000, 0.00000000, 0.00000000, 0.00000000, 0.09090909, 0.09090909, 0
"11", 11,"Fox News","China reports largest uptick in coronavirus cases in more than a month, says most were 'imported'","China on Monday reported its largest uptick in new coronavirus infections in more than a month, but said most of them are imported.",NA,"world","national", 1,4,2020, 9, 0.11111111,0.00000000,0.11111111, 0.11111111,0.0000000,0.11111111, 0.00000000,0.00000000,0.00000000,0.00000000, 0.11111111,0.00000000,0.11111111, 1, 9.00000000, 0.11111111, 0.00000000, 0.11111111, 0.11111111, 0.00000000, 0.11111111, 0.00000000, 0.00000000, 0.00000000, 0.00000000, 0.11111111, 0.00000000, 0.11111111,11.00000000, 0.00000000, 0.09090909, 0.09090909, 0.09090909, 0.00000000, 0.09090909, 0.00000000, 0.00000000, 0.00000000, 0.00000000, 0.00000000, 0.09090909, 0.09090909, 0
"12", 12,"Fox News","Ex-NYT reporter Berenson warns of 'big pivot' from officials to justify lockdown strategy","Former New York Times reporter Alex Berenson -- who has quickly become of one of the key figures in a growing movement questioning the strategy to lock down large sections of the country in response to the coronavirus crisis -- is warning of a “big pivot” in rhetoric from politicians and health officials pushing the strategy.",NA,"politics","national", 1,4,2020,10, 0.10000000,0.00000000,0.10000000, 0.00000000,0.0000000,0.00000000,-0.20000000,0.20000000,0.00000000,0.00000000,-0.20000000,0.20000000,0.00000000,-1,10.00000000, 0.10000000, 0.00000000, 0.10000000, 0.00000000, 0.00000000, 0.00000000,-0.20000000, 0.20000000, 0.00000000, 0.00000000,-0.20000000, 0.20000000, 0.00000000,32.00000000,-0.03125000, 0.09375000, 0.06250000, 0.03125000, 0.00000000, 0.03125000,-0.09375000, 0.09375000, 0.00000000, 0.00000000,-0.06250000, 0.15625000, 0.09375000,-1
"13", 13,"Fox News","Sen. Tim Kaine and wife test positive for coronavirus antibodies","Virginia Democratic Sen. Tim Kaine and his wife have tested positive for coronavirus antibodies, according to the senator's office, a result that if accurate would indicate that both the former Democratic vice-presidential nominee and his spouse had the disease earlier this year as the pandemic as spread across the U.S., killing more than 100,000 Americans.",NA,"politics","national", 1,6,2020, 8, 0.12500000,0.00000000,0.12500000, 0.12500000,0.0000000,0.12500000, 0.12500000,0.00000000,0.12500000,0.00000000, 0.12500000,0.00000000,0.12500000, 1, 8.00000000, 0.12500000, 0.00000000, 0.12500000, 0.12500000, 0.00000000, 0.12500000, 0.12500000, 0.00000000, 0.12500000, 0.00000000, 0.12500000, 0.00000000, 0.12500000,29.00000000, 0.06896552, 0.06896552, 0.13793103, 0.03448276, 0.00000000, 0.03448276, 0.03448276, 0.00000000, 0.03448276, 0.00000000, 0.03448276, 0.03448276, 0.06896552, 1
"14", 14,"Fox News","Coronavirus experts send mixed messages on transmission, potential second wave","Virginia Democratic Sen. Tim Kaine and his wife have tested positive for coronavirus antibodies, according to the senator's office, a result that if accurate would indicate that both the former Democratic vice-presidential nominee and his spouse had the disease earlier this year as the pandemic as spread across the U.S., killing more than 100,000 Americans.",NA,"transcript","national", 1,6,2020, 9, 0.00000000,0.11111111,0.11111111, 0.00000000,0.0000000,0.00000000, 0.00000000,0.00000000,0.00000000,0.00000000, 0.11111111,0.00000000,0.11111111, 1, 9.00000000, 0.00000000, 0.11111111, 0.11111111, 0.00000000, 0.00000000, 0.00000000, 0.00000000, 0.00000000, 0.00000000, 0.00000000, 0.11111111, 0.00000000, 0.11111111,29.00000000, 0.06896552, 0.06896552, 0.13793103, 0.03448276, 0.00000000, 0.03448276, 0.03448276, 0.00000000, 0.03448276, 0.00000000, 0.03448276, 0.03448276, 0.06896552, 1
"15", 15,"Fox News","Kudlow: There is no 'second spike' in COVID-19 cases, not going to shut down economy","White House National Economic Council Director Larry Kudlow reported Friday that U.S. health experts told him there is no second spike of the coronavirus, but that certain spots are seeing a ""jump up.""",NA,"media","national", 1,6,2020, 7, 0.00000000,0.00000000,0.00000000, 0.00000000,0.0000000,0.00000000,-0.14285714,0.14285714,0.00000000,0.00000000, 0.00000000,0.00000000,0.00000000, 0, 7.00000000, 0.00000000, 0.00000000, 0.00000000, 0.00000000, 0.00000000, 0.00000000,-0.14285714, 0.14285714, 0.00000000, 0.00000000, 0.00000000, 0.00000000, 0.00000000,20.00000000, 0.15000000, 0.05000000, 0.20000000, 0.05000000, 0.00000000, 0.05000000, 0.00000000, 0.00000000, 0.00000000, 0.00000000, 0.15000000, 0.00000000, 0.15000000, 1
"16", 16,"Fox News","Ari Fleischer: Donald Trump, Barack Obama and a second wave terror threat","Fear of terrorism in the United States is helping drive Donald Trump’s candidacy.",NA,"opinion","national", 1,1,2015,10,-0.20000000,0.20000000,0.00000000,-0.10000000,0.1000000,0.00000000,-0.10000000,0.10000000,0.00000000,0.00000000,-0.10000000,0.20000000,0.10000000,-1,10.00000000,-0.20000000, 0.20000000, 0.00000000,-0.10000000, 0.10000000, 0.00000000,-0.10000000, 0.10000000, 0.00000000, 0.00000000,-0.10000000, 0.20000000, 0.10000000, 9.00000000,-0.22222222, 0.44444444, 0.22222222, 0.00000000, 0.00000000, 0.00000000,-0.11111111, 0.11111111, 0.00000000, 0.00000000, 0.00000000, 0.22222222, 0.22222222, 0
"17", 17,"Fox News","Trump to 'suspend immigration into the United States' by executive order amid coronavirus","President Trump announced late Monday he will soon sign an executive order ""to temporarily suspend immigration into the United States"" in a drastic escalation of his efforts to fight the coronavirus pandemic and boost the economy.",NA,"politics","national", 1,5,2020, 9,-0.11111111,0.33333333,0.22222222, 0.00000000,0.0000000,0.00000000,-0.11111111,0.11111111,0.00000000,0.00000000, 0.33333333,0.00000000,0.33333333, 1, 9.00000000,-0.11111111, 0.33333333, 0.22222222, 0.00000000, 0.00000000, 0.00000000,-0.11111111, 0.11111111, 0.00000000, 0.00000000, 0.33333333, 0.00000000, 0.33333333,23.00000000,-0.04347826, 0.21739130, 0.17391304, 0.00000000, 0.00000000, 0.00000000,-0.17391304, 0.21739130, 0.04347826, 0.00000000, 0.17391304, 0.04347826, 0.21739130, 1
"18", 18,"Fox News","Could George Floyd protesters cause a spike in coronavirus cases? Johns Hopkins doctor explains","Fox News spoke with Dr. Amesh Adalja, an infectious disease physician and senior scholar for Johns Hopkins Center for Health Security, who says mass gatherings won’t help herd immunity anytime soon.",NA,"media","national", 1,6,2020,11,-0.09090909,0.09090909,0.00000000, 0.00000000,0.0000000,0.00000000,-0.09090909,0.09090909,0.00000000,0.00000000,-0.09090909,0.09090909,0.00000000,-1,11.00000000,-0.09090909, 0.09090909, 0.00000000, 0.00000000, 0.00000000, 0.00000000,-0.09090909, 0.09090909, 0.00000000, 0.00000000,-0.09090909, 0.09090909, 0.00000000,24.00000000, 0.04166667, 0.08333333, 0.12500000, 0.00000000, 0.00000000, 0.00000000, 0.00000000, 0.00000000, 0.00000000, 0.00000000, 0.12500000, 0.00000000, 0.12500000, 1
"19", 19,"Fox News","Trump 'disagrees strongly' with Georgia governor's plan to reopen some businesses","In a head-turning moment at Wednesday's coronavirus briefing, President Trump told reporters that he ""disagrees strongly"" with Georgia Republican Gov. Brian Kemp's plan to reopen some businesses in his state, including gyms, barbershops and nail salons, on Friday.",NA,"politics","national", 1,5,2020, 8,-0.12500000,0.12500000,0.00000000, 0.12500000,0.0000000,0.12500000, 0.00000000,0.12500000,0.12500000,0.00000000, 0.12500000,0.12500000,0.25000000, 1, 8.00000000,-0.12500000, 0.12500000, 0.00000000, 0.12500000, 0.00000000, 0.12500000, 0.00000000, 0.12500000, 0.12500000, 0.00000000, 0.12500000, 0.12500000, 0.25000000,26.00000000, 0.03846154, 0.03846154, 0.07692308, 0.03846154, 0.00000000, 0.03846154, 0.00000000, 0.03846154, 0.03846154, 0.00000000, 0.11538462, 0.03846154, 0.15384615, 1
"20", 20,"Fox News","Coronavirus: Trump has declared major disaster in all 50 states at once, first time in history","President Trump issued a major disaster declaration for Wyoming on Saturday, meaning that there is now such a declaration within all 50 states due to the COVID-19 pandemic.",NA,"politics","national", 1,4,2020, 9, 0.11111111,0.11111111,0.22222222, 0.00000000,0.0000000,0.00000000,-0.11111111,0.11111111,0.00000000,0.00000000, 0.22222222,0.11111111,0.33333333, 1, 9.00000000, 0.11111111, 0.11111111, 0.22222222, 0.00000000, 0.00000000, 0.00000000,-0.11111111, 0.11111111, 0.00000000, 0.00000000, 0.22222222, 0.11111111, 0.33333333,16.00000000, 0.00000000, 0.12500000, 0.12500000, 0.00000000, 0.00000000, 0.00000000,-0.06250000, 0.06250000, 0.00000000, 0.00000000,-0.06250000, 0.18750000, 0.12500000,-1
"21", 21,"Fox News","Wuhan tested millions of people for COVID-19 in just days: Could US cities do the same?","The city of Wuhan, China, where the COVID-19 outbreak first emerged, recently launched a campaign to test every one of its 11 million residents for the virus.",NA,"science","national", 1,6,2020, 8, 0.12500000,0.00000000,0.12500000, 0.00000000,0.0000000,0.00000000, 0.00000000,0.00000000,0.00000000,0.00000000, 0.12500000,0.00000000,0.12500000, 1, 8.00000000, 0.12500000, 0.00000000, 0.12500000, 0.00000000, 0.00000000, 0.00000000, 0.00000000, 0.00000000, 0.00000000, 0.00000000, 0.12500000, 0.00000000, 0.12500000,16.00000000,-0.12500000, 0.12500000, 0.00000000, 0.00000000, 0.00000000, 0.00000000, 0.00000000, 0.00000000, 0.00000000, 0.00000000,-0.18750000, 0.18750000, 0.00000000,-1
"22", 22,"Fox News","US coronavirus cases surpass 2M, spike in many areas while Europe’s decline, CDC says","Confirmed cases of the coronavirus passed the 2 million mark in the U.S. on Wednesday, with infection rates in many areas appearing to spike -- despite declines in infections throughout Europe, according to a report.",NA,"health","national", 1,6,2020,10, 0.00000000,0.10000000,0.10000000,-0.10000000,0.1000000,0.00000000, 0.00000000,0.10000000,0.10000000,0.00000000, 0.00000000,0.10000000,0.10000000, 0,10.00000000, 0.00000000, 0.10000000, 0.10000000,-0.10000000, 0.10000000, 0.00000000, 0.00000000, 0.10000000, 0.10000000, 0.00000000, 0.00000000, 0.10000000, 0.10000000,20.00000000,-0.10000000, 0.20000000, 0.10000000,-0.05000000, 0.05000000, 0.00000000, 0.00000000, 0.05000000, 0.05000000, 0.05000000,-0.20000000, 0.20000000, 0.00000000,-1
"23", 23,"Fox News","Inside China's high-stakes campaign to smear the United States over coronavirus","It's a high-stakes strategy for the Asian nation fighting to keep its superpower status amid a national lockdown and palpable anger over claims of a cover-up made worse by an economic crisis.",NA,"us","national", 1,3,2020, 8, 0.00000000,0.12500000,0.12500000, 0.00000000,0.0000000,0.00000000, 0.00000000,0.00000000,0.00000000,0.00000000, 0.00000000,0.12500000,0.12500000, 0, 8.00000000, 0.00000000, 0.12500000, 0.12500000, 0.00000000, 0.00000000, 0.00000000, 0.00000000, 0.00000000, 0.00000000, 0.00000000, 0.00000000, 0.12500000, 0.12500000,19.00000000,-0.15789474, 0.21052632, 0.05263158,-0.05263158, 0.05263158, 0.00000000,-0.15789474, 0.15789474, 0.00000000, 0.00000000,-0.10526316, 0.15789474, 0.05263158,-1
"24", 24,"Fox News","Is there reason to panic about a second wave of coronavirus?","It's a high-stakes strategy for the Asian nation fighting to keep its superpower status amid a national lockdown and palpable anger over claims of a cover-up made worse by an economic crisis.",NA,"transcript","national", 1,6,2020, 5, 0.00000000,0.20000000,0.20000000, 0.00000000,0.0000000,0.00000000,-0.20000000,0.20000000,0.00000000,0.00000000, 0.00000000,0.20000000,0.20000000, 0, 5.00000000, 0.00000000, 0.20000000, 0.20000000, 0.00000000, 0.00000000, 0.00000000,-0.20000000, 0.20000000, 0.00000000, 0.00000000, 0.00000000, 0.20000000, 0.20000000,19.00000000,-0.15789474, 0.21052632, 0.05263158,-0.05263158, 0.05263158, 0.00000000,-0.15789474, 0.15789474, 0.00000000, 0.00000000,-0.10526316, 0.15789474, 0.05263158,-1
"25", 25,"Fox News","Cruz rolls out bill to provide tax credits to businesses who test employees for coronavirus weekly","Sen. Ted Cruz on Tuesday rolled out new legislation that would provide tax credits to businesses that plan to test employees for the novel coronavirus every week in states where the infection rates are above the national average.",NA,"politics","national", 1,6,2020,11, 0.09090909,0.09090909,0.18181818, 0.00000000,0.0000000,0.00000000, 0.00000000,0.00000000,0.00000000,0.00000000, 0.00000000,0.09090909,0.09090909, 0,11.00000000, 0.09090909, 0.09090909, 0.18181818, 0.00000000, 0.00000000, 0.00000000, 0.00000000, 0.00000000, 0.00000000, 0.00000000, 0.00000000, 0.09090909, 0.09090909,23.00000000, 0.04347826, 0.08695652, 0.13043478, 0.00000000, 0.00000000, 0.00000000, 0.00000000, 0.00000000, 0.00000000, 0.00000000, 0.00000000, 0.08695652, 0.08695652, 0
"26", 26,"Fox News","Bernie Sanders blasts Trump's planned rally: 'Literally incomprehensible'","Sen. Bernie Sanders, I-Vt., the former presidential contender, blasted President Trump on Wednesday for hosting a large rally in Oklahoma this weekend amid the coronavirus outbreak simply “to hear cheers from his supporters.”",NA,"politics","national",17,6,2020, 8, 0.00000000,0.12500000,0.12500000, 0.00000000,0.0000000,0.00000000, 0.00000000,0.00000000,0.00000000,0.00000000,-0.12500000,0.25000000,0.12500000,-1, 8.00000000, 0.00000000, 0.12500000, 0.12500000, 0.00000000, 0.00000000, 0.00000000, 0.00000000, 0.00000000, 0.00000000, 0.00000000,-0.12500000, 0.25000000, 0.12500000,23.00000000,-0.04347826, 0.13043478, 0.08695652, 0.00000000, 0.00000000, 0.00000000,-0.04347826, 0.04347826, 0.00000000, 0.00000000,-0.04347826, 0.13043478, 0.08695652,-1
"27", 27,"Fox News","As Trump attacks WHO in a letter, member states remain loyal amid coronavirus pandemic","President Trump’s letter of warning to the World Health Organization (WHO) was met with dismissal from member states during the WHO Tuesday, as nations remained loyal to the organization rather than back the U.S.",NA,"world","national", 1,6,2020,10, 0.10000000,0.10000000,0.20000000, 0.00000000,0.0000000,0.00000000, 0.10000000,0.00000000,0.10000000,0.00000000, 0.20000000,0.10000000,0.30000000, 1,10.00000000, 0.10000000, 0.10000000, 0.20000000, 0.00000000, 0.00000000, 0.00000000, 0.10000000, 0.00000000, 0.10000000, 0.00000000, 0.20000000, 0.10000000, 0.30000000,18.00000000, 0.27777778, 0.05555556, 0.33333333, 0.00000000, 0.00000000, 0.00000000,-0.05555556, 0.11111111, 0.05555556, 0.00000000, 0.05555556, 0.11111111, 0.16666667, 1
"28", 28,"Fox News","Dr. Siegel offers positive outlook on dealing with 'second wave' of COVID-19 in fall","Dr. Marc Siegel told “Outnumbered’ on Wednesday that while the Centers for Disease Control and Prevention believes the coronavirus will have a second wave later in the year, the “good news” is that the United States is seeing “flattening of cases.”",NA,"media","national", 1,5,2020, 9, 0.11111111,0.22222222,0.33333333, 0.00000000,0.1111111,0.11111111, 0.11111111,0.00000000,0.11111111,0.00000000, 0.00000000,0.11111111,0.11111111, 0, 9.00000000, 0.11111111, 0.22222222, 0.33333333, 0.00000000, 0.11111111, 0.11111111, 0.11111111, 0.00000000, 0.11111111, 0.00000000, 0.00000000, 0.11111111, 0.11111111,23.00000000, 0.04347826, 0.04347826, 0.08695652, 0.00000000, 0.00000000, 0.00000000,-0.08695652, 0.08695652, 0.00000000, 0.04347826, 0.13043478, 0.00000000, 0.13043478, 1
"29", 29,"Fox News","Online petition urges Disneyland Resort not to reopen amid fears of second coronavirus wave: 'Irresponsible'","They think it’s downright goofy to open back up.",NA,"travel","national", 1,6,2020,12,-0.16666667,0.16666667,0.00000000, 0.00000000,0.0000000,0.00000000,-0.08333333,0.08333333,0.00000000,0.00000000,-0.16666667,0.16666667,0.00000000,-1,12.00000000,-0.16666667, 0.16666667, 0.00000000, 0.00000000, 0.00000000, 0.00000000,-0.08333333, 0.08333333, 0.00000000, 0.00000000,-0.16666667, 0.16666667, 0.00000000, 5.00000000, 0.40000000, 0.00000000, 0.40000000, 0.00000000, 0.00000000, 0.00000000, 0.00000000, 0.00000000, 0.00000000, 0.00000000, 0.00000000, 0.20000000, 0.20000000, 0
"30", 30,"Fox News","Jim Hanson: Iran’s aggression may force Trump to launch military attack","The patience of the Trump administration with Iranian aggression is running out. A US military attack on Iran may be coming.",NA,"opinion","national", 1,1,2019,10,-0.30000000,0.30000000,0.00000000, 0.00000000,0.0000000,0.00000000,-0.10000000,0.10000000,0.00000000,0.10000000,-0.20000000,0.30000000,0.10000000,-1,10.00000000,-0.30000000, 0.30000000, 0.00000000, 0.00000000, 0.00000000, 0.00000000,-0.10000000, 0.10000000, 0.00000000, 0.10000000,-0.20000000, 0.30000000, 0.10000000,11.00000000,-0.09090909, 0.27272727, 0.18181818, 0.00000000, 0.00000000, 0.00000000, 0.00000000, 0.00000000, 0.00000000, 0.09090909, 0.09090909, 0.18181818, 0.27272727, 1
"31", 31,"Fox News","Kellyanne Conway slams Twitter's Trump fact-checks: They're done by 'people who attack him all day long'","In a sharp rebuke of Twitter's first-ever move to fact-check a tweet by President Trump, White House adviser to the president Kellyanne Conway insisted Wednesday that Democrats within the mainstream media cannot be relied upon.",NA,"media","national", 1,6,2020,12,-0.16666667,0.16666667,0.00000000, 0.00000000,0.0000000,0.00000000, 0.00000000,0.00000000,0.00000000,0.00000000,-0.08333333,0.16666667,0.08333333,-1,12.00000000,-0.16666667, 0.16666667, 0.00000000, 0.00000000, 0.00000000, 0.00000000, 0.00000000, 0.00000000, 0.00000000, 0.00000000,-0.08333333, 0.16666667, 0.08333333,23.00000000, 0.04347826, 0.04347826, 0.08695652, 0.00000000, 0.00000000, 0.00000000, 0.00000000, 0.00000000, 0.00000000, 0.00000000, 0.04347826, 0.04347826, 0.08695652, 1
"32", 32,"Fox News","Trump says 'scariest day of my life' was being told US was short on ventilators","President Trump called it the ""scariest day of [his] life,"" when he learned the United States might not have enough ventilators to fight the novel coronavirus (COVID-19), during a White House press briefing on Tuesday.",NA,"politics","national", 1,4,2020, 8,-0.12500000,0.12500000,0.00000000, 0.00000000,0.0000000,0.00000000, 0.00000000,0.00000000,0.00000000,0.00000000,-0.12500000,0.25000000,0.12500000,-1, 8.00000000,-0.12500000, 0.12500000, 0.00000000, 0.00000000, 0.00000000, 0.00000000, 0.00000000, 0.00000000, 0.00000000, 0.00000000,-0.12500000, 0.25000000, 0.12500000,21.00000000, 0.04761905, 0.09523810, 0.14285714, 0.00000000, 0.00000000, 0.00000000,-0.04761905, 0.04761905, 0.00000000, 0.04761905, 0.09523810, 0.04761905, 0.14285714, 1
"33", 33,"Fox News","Pete Buttigieg: States doing 'most of the work' on coronavirus because Trump has failed","Former Indiana Mayor Pete Buttigieg said on Thursday that state and local governments have had to pick up the slack on the coronavirus as President Trump has failed to respond sufficiently.",NA,"media","national", 1,4,2020, 7, 0.00000000,0.14285714,0.14285714,-0.14285714,0.1428571,0.00000000,-0.14285714,0.14285714,0.00000000,0.00000000, 0.28571429,0.14285714,0.42857143, 1, 7.00000000, 0.00000000, 0.14285714, 0.14285714,-0.14285714, 0.14285714, 0.00000000,-0.14285714, 0.14285714, 0.00000000, 0.00000000, 0.28571429, 0.14285714, 0.42857143,18.00000000, 0.00000000, 0.11111111, 0.11111111,-0.05555556, 0.05555556, 0.00000000,-0.05555556, 0.05555556, 0.00000000, 0.00000000, 0.05555556, 0.11111111, 0.16666667, 1
"34", 34,"Fox News","Coronavirus testing kits to be provided by South Korea after Trump call","Officials in South Korea said Wednesday that they plan to provide coronavirus testing kits to the U.S. after President Trump made a request for help to cope with the pandemic.",NA,"world","national", 1,4,2020, 8, 0.25000000,0.00000000,0.25000000, 0.00000000,0.0000000,0.00000000, 0.00000000,0.00000000,0.00000000,0.00000000, 0.25000000,0.00000000,0.25000000, 1, 8.00000000, 0.25000000, 0.00000000, 0.25000000, 0.00000000, 0.00000000, 0.00000000, 0.00000000, 0.00000000, 0.00000000, 0.00000000, 0.25000000, 0.00000000, 0.25000000,17.00000000, 0.05882353, 0.05882353, 0.11764706, 0.00000000, 0.00000000, 0.00000000, 0.00000000, 0.00000000, 0.00000000, 0.00000000, 0.11764706, 0.05882353, 0.17647059, 1
"35", 35,"Fox News","Trump defends early coronavirus actions in contentious briefing, as Fauci regrets ‘poor choice of words’","President Trump on Monday mounted a heated defense of his response to coronavirus during a combative briefing, as Dr. Anthony Fauci, the director of the National Institute of Allergy and Infectious Diseases, attempted to clarify his comment a day earlier that lives could have been saved had U.S. officials acted earlier.",NA,"politics","national", 1,4,2020,12,-0.08333333,0.16666667,0.08333333, 0.00000000,0.0000000,0.00000000,-0.16666667,0.16666667,0.00000000,0.00000000, 0.00000000,0.16666667,0.16666667, 0,12.00000000,-0.08333333, 0.16666667, 0.08333333, 0.00000000, 0.00000000, 0.00000000,-0.16666667, 0.16666667, 0.00000000, 0.00000000, 0.00000000, 0.16666667, 0.16666667,28.00000000, 0.07142857, 0.10714286, 0.17857143, 0.00000000, 0.00000000, 0.00000000,-0.03571429, 0.03571429, 0.00000000, 0.00000000, 0.00000000, 0.14285714, 0.14285714, 0
"36", 36,"Fox News","Trump says there's 'light at the end of the tunnel' as White House pitches $6T coronavirus stimulus package","Saying the country was nearing the ""the end of our historic battle"" with ""the invisible enemy"" of coronavirus, President Trump on Tuesday evening emphasized his desire for the country to reopen for business by Easter -- as his top economic adviser said Congress is ""getting closer and closer"" to passing an unprecedented fiscal stimulus package.",NA,"politics","national", 1,4,2020,12, 0.08333333,0.00000000,0.08333333, 0.00000000,0.0000000,0.00000000, 0.00000000,0.00000000,0.00000000,0.00000000, 0.08333333,0.00000000,0.08333333, 1,12.00000000, 0.08333333, 0.00000000, 0.08333333, 0.00000000, 0.00000000, 0.00000000, 0.00000000, 0.00000000, 0.00000000, 0.00000000, 0.08333333, 0.00000000, 0.08333333,32.00000000,-0.06250000, 0.21875000, 0.15625000, 0.00000000, 0.00000000, 0.00000000, 0.03125000, 0.00000000, 0.03125000, 0.03125000, 0.06250000, 0.09375000, 0.15625000, 1
"37", 37,"Fox News","Trump officials eye 'additional steps' after executive order on immigration","The Trump administration is eyeing “additional steps” to restrict immigration visas, just days after President Trump signed an executive order limiting immigration into the country.",NA,"politics","national", 1,5,2020, 8, 0.00000000,0.25000000,0.25000000, 0.00000000,0.0000000,0.00000000, 0.00000000,0.00000000,0.00000000,0.00000000, 0.12500000,0.12500000,0.25000000, 1, 8.00000000, 0.00000000, 0.25000000, 0.25000000, 0.00000000, 0.00000000, 0.00000000, 0.00000000, 0.00000000, 0.00000000, 0.00000000, 0.12500000, 0.12500000, 0.25000000,18.00000000,-0.05555556, 0.22222222, 0.16666667, 0.00000000, 0.00000000, 0.00000000,-0.05555556, 0.05555556, 0.00000000, 0.00000000, 0.11111111, 0.11111111, 0.22222222, 1
"38", 38,"Fox News","Dr. Deborah Birx on COVID-19 death toll in US, timeline for coronavirus vaccine","Guests: Deborah Birx, Asa Hutchinson, Mark Parkinson, Jonah Goldberg, Donna Brazile, Josh Holmes",NA,"transcript","national", 1,6,2020, 8,-0.12500000,0.12500000,0.00000000, 0.00000000,0.0000000,0.00000000, 0.00000000,0.00000000,0.00000000,0.00000000,-0.25000000,0.25000000,0.00000000,-1, 8.00000000,-0.12500000, 0.12500000, 0.00000000, 0.00000000, 0.00000000, 0.00000000, 0.00000000, 0.00000000, 0.00000000, 0.00000000,-0.25000000, 0.25000000, 0.00000000,13.00000000, 0.00000000, 0.00000000, 0.00000000, 0.00000000, 0.00000000, 0.00000000, 0.00000000, 0.00000000, 0.00000000, 0.00000000, 0.00000000, 0.00000000, 0.00000000, 0
"39", 39,"Fox News","Trump says Americans could see a second round of stimulus payments: 'We're talking about that'","President Trump said Monday his administration was considering a second round of coronavirus stimulus payments.",NA,"politics","national", 1,5,2020, 9, 0.11111111,0.00000000,0.11111111, 0.00000000,0.0000000,0.00000000, 0.00000000,0.00000000,0.00000000,0.00000000, 0.11111111,0.00000000,0.11111111, 1, 9.00000000, 0.11111111, 0.00000000, 0.11111111, 0.00000000, 0.00000000, 0.00000000, 0.00000000, 0.00000000, 0.00000000, 0.00000000, 0.11111111, 0.00000000, 0.11111111,11.00000000, 0.18181818, 0.00000000, 0.18181818, 0.00000000, 0.00000000, 0.00000000, 0.00000000, 0.00000000, 0.00000000, 0.00000000, 0.09090909, 0.00000000, 0.09090909, 1
"40", 40,"Fox News","Biden backs push to scrub Confederate names from military bases","Former Vice President Joe Biden says he’s backing a push to the remove the names of Confederate leaders from the Civil War from all U.S. military assets – which stands in stark contrast to President Trump’s fierce opposition earlier this week to scrub those names from 10 military bases.",NA,"politics","national", 1,6,2020, 8, 0.12500000,0.12500000,0.25000000, 0.00000000,0.0000000,0.00000000, 0.00000000,0.00000000,0.00000000,0.00000000, 0.00000000,0.00000000,0.00000000, 0, 8.00000000, 0.12500000, 0.12500000, 0.25000000, 0.00000000, 0.00000000, 0.00000000, 0.00000000, 0.00000000, 0.00000000, 0.00000000, 0.00000000, 0.00000000, 0.00000000,29.00000000,-0.03448276, 0.20689655, 0.17241379, 0.03448276, 0.00000000, 0.03448276,-0.03448276, 0.03448276, 0.00000000, 0.00000000,-0.10344828, 0.13793103, 0.03448276,-1
"41", 41,"Fox News","Pence insists Trump hasn't told him to slow pace of coronavirus testing","Vice President Mike Pence told a Wisconsin media outlet Tuesday that President Trump has not directed him to slow the rate of coronavirus testing despite Trump making remarks to the contrary at a weekend rally in Oklahoma and insisting the comments were not a joke.",NA,"media","national",24,6,2020, 9, 0.11111111,0.00000000,0.11111111, 0.00000000,0.0000000,0.00000000,-0.11111111,0.11111111,0.00000000,0.00000000, 0.00000000,0.11111111,0.11111111, 0, 9.00000000, 0.11111111, 0.00000000, 0.11111111, 0.00000000, 0.00000000, 0.00000000,-0.11111111, 0.11111111, 0.00000000, 0.00000000, 0.00000000, 0.11111111, 0.11111111,27.00000000, 0.07407407, 0.11111111, 0.18518519, 0.00000000, 0.00000000, 0.00000000,-0.03703704, 0.07407407, 0.03703704, 0.00000000,-0.03703704, 0.14814815, 0.11111111,-1
"42", 42,"Fox News","Trump calls himself a ‘wartime president’ over coronavirus as he invokes Defense Production Act","President Trump on Wednesday announced that he is invoking the Defense Production Act as part of the administration’s efforts to tackle the coronavirus pandemic -- and also described himself as being a ""wartime president.""",NA,"politics","national", 1,3,2020, 9, 0.22222222,0.11111111,0.33333333, 0.00000000,0.0000000,0.00000000,-0.11111111,0.11111111,0.00000000,0.00000000, 0.11111111,0.11111111,0.22222222, 1, 9.00000000, 0.22222222, 0.11111111, 0.33333333, 0.00000000, 0.00000000, 0.00000000,-0.11111111, 0.11111111, 0.00000000, 0.00000000, 0.11111111, 0.11111111, 0.22222222,18.00000000, 0.05555556, 0.05555556, 0.11111111, 0.00000000, 0.00000000, 0.00000000,-0.05555556, 0.05555556, 0.00000000, 0.00000000, 0.05555556, 0.05555556, 0.11111111, 1
"43", 43,"Fox News","Pence tells 'Hannity' risk of coronavirus spread in US 'remains low' thanks to Trump's 'decisive action'","Vice President Mike Pence told Fox News' Sean Hannity in an exclusive interview Thursday that ""the risk of the spread of coronavirus in the United States of America remains low"" and credited what he called ""unprecedented action"" by President Trump earlier this month.",NA,"media","national", 1,3,2020,12, 0.00000000,0.08333333,0.08333333,-0.16666667,0.1666667,0.00000000, 0.00000000,0.00000000,0.00000000,0.08333333, 0.16666667,0.08333333,0.25000000, 1,12.00000000, 0.00000000, 0.08333333, 0.08333333,-0.16666667, 0.16666667, 0.00000000, 0.00000000, 0.00000000, 0.00000000, 0.08333333, 0.16666667, 0.08333333, 0.25000000,28.00000000, 0.00000000, 0.10714286, 0.10714286,-0.07142857, 0.07142857, 0.00000000, 0.03571429, 0.00000000, 0.03571429, 0.03571429,-0.03571429, 0.10714286, 0.07142857,-1
"44", 44,"Fox News","Second coronavirus case of unknown origin confirmed in California; Oregon confirms first 'community spread' case","A second novel coronavirus case of ""unknown origin"" was discovered in the state of California on Friday, after a Santa Clara County resident reportedly tested positive for the disease.",NA,"health","national", 1,3,2020,13, 0.15384615,0.00000000,0.15384615, 0.00000000,0.0000000,0.00000000, 0.00000000,0.00000000,0.00000000,0.07692308, 0.00000000,0.07692308,0.07692308, 0,13.00000000, 0.15384615, 0.00000000, 0.15384615, 0.00000000, 0.00000000, 0.00000000, 0.00000000, 0.00000000, 0.00000000, 0.07692308, 0.00000000, 0.07692308, 0.07692308,18.00000000, 0.11111111, 0.05555556, 0.16666667, 0.05555556, 0.00000000, 0.05555556, 0.05555556, 0.00000000, 0.05555556, 0.05555556, 0.11111111, 0.05555556, 0.16666667, 1
"45", 45,"Fox News","Foreign disinformation campaign on fake national quarantine trying to cause panic, Trump admin. officials say","Trump administration officials say a foreign disinformation campaign is trying to spread fear amid the coronavirus pandemic, with false rumors of a nationwide quarantine and more.",NA,"politics","national", 1,3,2020,13,-0.30769231,0.30769231,0.00000000, 0.00000000,0.0000000,0.00000000,-0.07692308,0.07692308,0.00000000,0.00000000,-0.15384615,0.23076923,0.07692308,-1,13.00000000,-0.30769231, 0.30769231, 0.00000000, 0.00000000, 0.00000000, 0.00000000,-0.07692308, 0.07692308, 0.00000000, 0.00000000,-0.15384615, 0.23076923, 0.07692308,17.00000000,-0.23529412, 0.23529412, 0.00000000, 0.00000000, 0.00000000, 0.00000000,-0.11764706, 0.11764706, 0.00000000, 0.05882353,-0.17647059, 0.23529412, 0.05882353,-1
"46", 46,"Fox News","Patti LuPone says 'this country is doomed' amid coronavirus crisis, reveals plans if Trump wins second term","Patti LuPone is speaking her truth about the current state of America, and the Broadway veteran admitted that if it continues under President Trump's reign come November, she's packing her bags.",NA,"entertainment","national", 1,6,2020,14,-0.14285714,0.14285714,0.00000000, 0.00000000,0.0000000,0.00000000, 0.00000000,0.07142857,0.07142857,0.00000000, 0.00000000,0.14285714,0.14285714, 0,14.00000000,-0.14285714, 0.14285714, 0.00000000, 0.00000000, 0.00000000, 0.00000000, 0.00000000, 0.07142857, 0.07142857, 0.00000000, 0.00000000, 0.14285714, 0.14285714,19.00000000, 0.26315789, 0.00000000, 0.26315789, 0.00000000, 0.00000000, 0.00000000, 0.00000000, 0.00000000, 0.00000000, 0.00000000, 0.26315789, 0.00000000, 0.26315789, 1
"47", 47,"Fox News","Trump administration hits back after China kicks out US journalists amid coronavirus pandemic","China on Tuesday escalated its tit-for-tat propaganda war with the United States over who's to blame for the spread of the coronavirus by placing restrictive measures on several top media companies including The New York Times, The Washington Post and The Wall Street Journal, prompting strong opposition from the Trump administration.",NA,"world","national", 1,3,2020,10, 0.00000000,0.20000000,0.20000000, 0.00000000,0.0000000,0.00000000, 0.00000000,0.00000000,0.00000000,0.00000000, 0.10000000,0.00000000,0.10000000, 1,10.00000000, 0.00000000, 0.20000000, 0.20000000, 0.00000000, 0.00000000, 0.00000000, 0.00000000, 0.00000000, 0.00000000, 0.00000000, 0.10000000, 0.00000000, 0.10000000,33.00000000,-0.06060606, 0.18181818, 0.12121212, 0.03030303, 0.00000000, 0.03030303,-0.06060606, 0.09090909, 0.03030303, 0.00000000, 0.03030303, 0.15151515, 0.18181818, 1
"48", 48,"Fox News","Trump calls on states to 'LIBERATE' their people from coronavirus restrictions","President Trump seemed to have endorsed growing demonstrations by residents calling for states to reopen their economies after weeks of restrictions induced by the coronavirus pandemic.",NA,"politics","national", 1,5,2020, 7, 0.28571429,0.14285714,0.42857143, 0.00000000,0.0000000,0.00000000, 0.00000000,0.00000000,0.00000000,0.00000000, 0.28571429,0.14285714,0.42857143, 1, 7.00000000, 0.28571429, 0.14285714, 0.42857143, 0.00000000, 0.00000000, 0.00000000, 0.00000000, 0.00000000, 0.00000000, 0.00000000, 0.28571429, 0.14285714, 0.42857143,16.00000000, 0.12500000, 0.06250000, 0.18750000, 0.06250000, 0.00000000, 0.06250000, 0.00000000, 0.00000000, 0.00000000, 0.06250000, 0.12500000, 0.06250000, 0.18750000, 1
"49", 49,"Fox News","Trump vows to resupply national stockpile, saying 'cupboards were bare' amid coronavirus pandemic","President Trump announced on Thursday his administration’s move to restock the country’s national stockpile and industrial base in an effort to prevent any shortages of medical supplies or personal protective equipment amid a public health crisis.",NA,"politics","national", 1,5,2020,11, 0.00000000,0.00000000,0.00000000, 0.00000000,0.0000000,0.00000000, 0.00000000,0.00000000,0.00000000,0.00000000, 0.09090909,0.00000000,0.09090909, 1,11.00000000, 0.00000000, 0.00000000, 0.00000000, 0.00000000, 0.00000000, 0.00000000, 0.00000000, 0.00000000, 0.00000000, 0.00000000, 0.09090909, 0.00000000, 0.09090909,24.00000000, 0.04166667, 0.08333333, 0.12500000, 0.00000000, 0.00000000, 0.00000000,-0.12500000, 0.12500000, 0.00000000, 0.00000000, 0.12500000, 0.08333333, 0.20833333, 1
"50", 50,"Fox News","California pastor who prophesied Kanye West's transformation 4 years ago predicts this about Trump","Shawn Bolz, a prominent pastor in Los Angeles who has prophesied about many things from Kanye West to President Trump, told Fox News his number one mission is to make it mainstream.",NA,"faith-values","national", 1,2,2020,10, 0.00000000,0.00000000,0.00000000, 0.00000000,0.0000000,0.00000000, 0.00000000,0.00000000,0.00000000,0.10000000, 0.10000000,0.00000000,0.10000000, 1,10.00000000, 0.00000000, 0.00000000, 0.00000000, 0.00000000, 0.00000000, 0.00000000, 0.00000000, 0.00000000, 0.00000000, 0.10000000, 0.10000000, 0.00000000, 0.10000000,21.00000000, 0.09523810, 0.04761905, 0.14285714, 0.00000000, 0.00000000, 0.00000000, 0.00000000, 0.00000000, 0.00000000, 0.00000000, 0.14285714, 0.00000000, 0.14285714, 1
"51", 51,"Fox News","White House, Dems close in on new $450B coronavirus small biz package; Trump announces testing milestone",NA,NA,"us","national", 1,5,2020,13, 0.00000000,0.07692308,0.07692308, 0.00000000,0.0000000,0.00000000,-0.07692308,0.07692308,0.00000000,0.00000000, 0.07692308,0.00000000,0.07692308, 1,13.00000000, 0.00000000, 0.07692308, 0.07692308, 0.00000000, 0.00000000, 0.00000000,-0.07692308, 0.07692308, 0.00000000, 0.00000000, 0.07692308, 0.00000000, 0.07692308, 0.00000000,NA,NA,NA,NA,NA,NA,NA,NA,NA,NA,NA,NA,NA,NA
"52", 52,"Fox News","The Dow's biggest single-day gains and losses in history","A historical look at the Dow's biggest point gains and losses.",NA,"markets","national", 1,1,2018, 6, 0.00000000,0.16666667,0.16666667, 0.00000000,0.0000000,0.00000000, 0.00000000,0.16666667,0.16666667,0.00000000, 0.00000000,0.16666667,0.16666667, 0, 6.00000000, 0.00000000, 0.16666667, 0.16666667, 0.00000000, 0.00000000, 0.00000000, 0.00000000, 0.16666667, 0.16666667, 0.00000000, 0.00000000, 0.16666667, 0.16666667, 7.00000000,-0.14285714, 0.28571429, 0.14285714, 0.00000000, 0.00000000, 0.00000000, 0.00000000, 0.14285714, 0.14285714, 0.00000000, 0.00000000, 0.14285714, 0.14285714, 0
"53", 53,"Fox News","Trump set to preside over record spending, deficits as coronavirus costs explode","Following the passage of the $2.2 trillion CARES Act late last month, Goldman Sachs reportedly has forecast that the federal deficit will reach $3.6 trillion for 2020.",NA,"politics","national", 1,4,2020, 9,-0.33333333,0.33333333,0.00000000, 0.11111111,0.0000000,0.11111111,-0.22222222,0.22222222,0.00000000,0.00000000,-0.11111111,0.22222222,0.11111111,-1, 9.00000000,-0.33333333, 0.33333333, 0.00000000, 0.11111111, 0.00000000, 0.11111111,-0.22222222, 0.22222222, 0.00000000, 0.00000000,-0.11111111, 0.22222222, 0.11111111,17.00000000, 0.05882353, 0.05882353, 0.11764706, 0.00000000, 0.00000000, 0.00000000,-0.17647059, 0.17647059, 0.00000000, 0.00000000, 0.05882353, 0.00000000, 0.05882353, 1
"54", 54,"Fox News","Tom Cotton: China will have to face 'reckoning' for coronavirus pandemic","Sen. Tom Cotton, R-Ark., said on Monday that the United States must attempt to remove essential medical manufacturing from China after their handling of the coronavirus outbreak.",NA,"media","national", 1,4,2020, 8, 0.12500000,0.00000000,0.12500000, 0.00000000,0.0000000,0.00000000,-0.12500000,0.12500000,0.00000000,0.00000000, 0.12500000,0.00000000,0.12500000, 1, 8.00000000, 0.12500000, 0.00000000, 0.12500000, 0.00000000, 0.00000000, 0.00000000,-0.12500000, 0.12500000, 0.00000000, 0.00000000, 0.12500000, 0.00000000, 0.12500000,18.00000000, 0.05555556, 0.05555556, 0.11111111, 0.00000000, 0.00000000, 0.00000000, 0.00000000, 0.00000000, 0.00000000, 0.00000000, 0.00000000, 0.05555556, 0.05555556, 0
"55", 55,"Fox News","US, Mexico, Canada extend coronavirus travel restrictions for another month","The United States, Mexico and Canada are extending restrictions on non-essential travel for an additional 30 days due to the coronavirus crisis, the Department of Homeland Security said Monday.",NA,"politics","national", 1,5,2020, 8, 0.00000000,0.12500000,0.12500000, 0.00000000,0.0000000,0.00000000, 0.00000000,0.00000000,0.00000000,0.00000000,-0.12500000,0.12500000,0.00000000,-1, 8.00000000, 0.00000000, 0.12500000, 0.12500000, 0.00000000, 0.00000000, 0.00000000, 0.00000000, 0.00000000, 0.00000000, 0.00000000,-0.12500000, 0.12500000, 0.00000000,18.00000000, 0.05555556, 0.11111111, 0.16666667, 0.00000000, 0.00000000, 0.00000000,-0.05555556, 0.05555556, 0.00000000, 0.00000000, 0.00000000, 0.11111111, 0.11111111, 0
"56", 56,"Fox News","Trump prepares for first campaign rally in months in Tulsa amid concerns about coronavirus, violence","President Trump on Saturday will head to Tulsa, Oklahoma to address what is likely to be a packed rally of supporters -- despite objections from local officials about the potential spread of the coronavirus, and fears that violence could break out as protesters as well as supporters flock to the event.",NA,"politics","national",20,6,2020,11,-0.09090909,0.18181818,0.09090909, 0.00000000,0.0000000,0.00000000,-0.18181818,0.18181818,0.00000000,0.00000000, 0.00000000,0.09090909,0.09090909, 0,11.00000000,-0.09090909, 0.18181818, 0.09090909, 0.00000000, 0.00000000, 0.00000000,-0.18181818, 0.18181818, 0.00000000, 0.00000000, 0.00000000, 0.09090909, 0.09090909,27.00000000, 0.07407407, 0.18518519, 0.25925926, 0.00000000, 0.00000000, 0.00000000,-0.18518519, 0.22222222, 0.03703704, 0.00000000, 0.07407407, 0.18518519, 0.25925926, 1
"57", 57,"Fox News","Judge refuses to block Trump's coronavirus green card freeze","A federal judge in Oregon who previously blocked President Trump’s order to bar immigrants who lacked or could not afford health insurance refused to do the same with regard to Trump’s recent pause on green cards.",NA,"politics","national", 1,5,2020, 8,-0.25000000,0.25000000,0.00000000, 0.00000000,0.0000000,0.00000000,-0.12500000,0.12500000,0.00000000,0.00000000,-0.12500000,0.25000000,0.12500000,-1, 8.00000000,-0.25000000, 0.25000000, 0.00000000, 0.00000000, 0.00000000, 0.00000000,-0.12500000, 0.12500000, 0.00000000, 0.00000000,-0.12500000, 0.25000000, 0.12500000,21.00000000,-0.09523810, 0.23809524, 0.14285714, 0.00000000, 0.00000000, 0.00000000,-0.14285714, 0.14285714, 0.00000000, 0.00000000, 0.09523810, 0.09523810, 0.19047619, 1
"58", 58,"Fox News","Today on Fox News: June 5, 2020","A federal judge in Oregon who previously blocked President Trump’s order to bar immigrants who lacked or could not afford health insurance refused to do the same with regard to Trump’s recent pause on green cards.",NA,"media","national", 1,6,2020, 4, 0.00000000,0.00000000,0.00000000, 0.00000000,0.0000000,0.00000000, 0.00000000,0.00000000,0.00000000,0.00000000, 0.00000000,0.00000000,0.00000000, 0, 4.00000000, 0.00000000, 0.00000000, 0.00000000, 0.00000000, 0.00000000, 0.00000000, 0.00000000, 0.00000000, 0.00000000, 0.00000000, 0.00000000, 0.00000000, 0.00000000,21.00000000,-0.09523810, 0.23809524, 0.14285714, 0.00000000, 0.00000000, 0.00000000,-0.14285714, 0.14285714, 0.00000000, 0.00000000, 0.09523810, 0.09523810, 0.19047619, 1
"59", 59,"Fox News","Trump says Thunderbirds, Blue Angels will do flyovers across country to honor medical workers","Trump did not say which cities the Thunderbirds and Blue Angels, the U.S. military's two top flight demonstration teams dedicated to showcasing America's air prowess, would be flying over.",NA,"politics","national", 1,5,2020,12, 0.25000000,0.00000000,0.25000000, 0.00000000,0.0000000,0.00000000, 0.00000000,0.08333333,0.08333333,0.00000000, 0.33333333,0.00000000,0.33333333, 1,12.00000000, 0.25000000, 0.00000000, 0.25000000, 0.00000000, 0.00000000, 0.00000000, 0.00000000, 0.08333333, 0.08333333, 0.00000000, 0.33333333, 0.00000000, 0.33333333,18.00000000, 0.16666667, 0.00000000, 0.16666667, 0.00000000, 0.00000000, 0.00000000, 0.00000000, 0.00000000, 0.00000000, 0.00000000, 0.27777778, 0.00000000, 0.27777778, 1
"60", 60,"Fox News","Biden gaffe tests patience of black supporters","Trump campaign goes on attack, calls Biden’s line ""dehumanizing.""",NA,"politics","national", 1,6,2020, 6, 0.33333333,0.00000000,0.33333333, 0.00000000,0.0000000,0.00000000, 0.00000000,0.00000000,0.00000000,0.00000000, 0.16666667,0.16666667,0.33333333, 1, 6.00000000, 0.33333333, 0.00000000, 0.33333333, 0.00000000, 0.00000000, 0.00000000, 0.00000000, 0.00000000, 0.00000000, 0.00000000, 0.16666667, 0.16666667, 0.33333333, 8.00000000, 0.00000000, 0.12500000, 0.12500000, 0.00000000, 0.00000000, 0.00000000, 0.00000000, 0.00000000, 0.00000000, 0.00000000,-0.12500000, 0.25000000, 0.12500000,-1
"61", 61,"Fox News","Trump wants cruise ship passengers to stay at sea, but leaves decision up to Pence","President Trump visited the Centers for Disease Control and Prevention Friday for a briefing on the coronavirus, following a scare earlier this week that a CDC staffer had contracted the COVID-19 virus.",NA,"politics","national", 1,3,2020,10, 0.00000000,0.00000000,0.00000000, 0.00000000,0.0000000,0.00000000, 0.00000000,0.00000000,0.00000000,0.00000000, 0.20000000,0.00000000,0.20000000, 1,10.00000000, 0.00000000, 0.00000000, 0.00000000, 0.00000000, 0.00000000, 0.00000000, 0.00000000, 0.00000000, 0.00000000, 0.00000000, 0.20000000, 0.00000000, 0.20000000,19.00000000,-0.10526316, 0.10526316, 0.00000000, 0.00000000, 0.00000000, 0.00000000,-0.10526316, 0.10526316, 0.00000000, 0.00000000,-0.05263158, 0.10526316, 0.05263158,-1
"62", 62,"Fox News","Trying To Unite After A Tough Week For America","This week, Americans all across the country protested against police brutality following the death of George Floyd. Some protests became violent in areas like New York, Los Angeles and even Washington D.C. President Trump has been met with a lot of criticism on his handling and response to the prot",NA,"radio","national", 1,6,2020, 5,-0.20000000,0.20000000,0.00000000, 0.00000000,0.0000000,0.00000000, 0.00000000,0.00000000,0.00000000,0.00000000, 0.00000000,0.20000000,0.20000000, 0, 5.00000000,-0.20000000, 0.20000000, 0.00000000, 0.00000000, 0.00000000, 0.00000000, 0.00000000, 0.00000000, 0.00000000, 0.00000000, 0.00000000, 0.20000000, 0.20000000,30.00000000,-0.10000000, 0.23333333, 0.13333333, 0.00000000, 0.00000000, 0.00000000,-0.13333333, 0.13333333, 0.00000000, 0.00000000,-0.03333333, 0.20000000, 0.16666667,-1
"63", 63,"Fox News","Trump says he can’t confirm China’s coronavirus case numbers, warns of 'horrific' days to come","President Trump said Wednesday he could not confirm the veracity of the numbers of coronavirus cases and deaths being reported by China, as he warned Americans to brace for more “horrific” days in dealing with the virus.",NA,"politics","national", 1,4,2020,12, 0.08333333,0.00000000,0.08333333, 0.00000000,0.0000000,0.00000000,-0.08333333,0.08333333,0.00000000,0.00000000, 0.00000000,0.16666667,0.16666667, 0,12.00000000, 0.08333333, 0.00000000, 0.08333333, 0.00000000, 0.00000000, 0.00000000,-0.08333333, 0.08333333, 0.00000000, 0.00000000, 0.00000000, 0.16666667, 0.16666667,19.00000000,-0.05263158, 0.10526316, 0.05263158, 0.00000000, 0.00000000, 0.00000000,-0.05263158, 0.05263158, 0.00000000, 0.00000000,-0.10526316, 0.15789474, 0.05263158,-1
"64", 64,"Fox News","Trump slams Pelosi as 'weak and pathetic puppet' in latest coronavirus clash","President Trump on Thursday blasted House Speaker Nancy Pelosi as a “weak and pathetic puppet” in their latest clash over funding for the World Health Organization and other issues amid the coronavirus crisis.",NA,"politics","national", 1,4,2020, 9,-0.33333333,0.33333333,0.00000000,-0.11111111,0.1111111,0.00000000,-0.11111111,0.11111111,0.00000000,0.00000000,-0.33333333,0.44444444,0.11111111,-1, 9.00000000,-0.33333333, 0.33333333, 0.00000000,-0.11111111, 0.11111111, 0.00000000,-0.11111111, 0.11111111, 0.00000000, 0.00000000,-0.33333333, 0.44444444, 0.11111111,21.00000000,-0.09523810, 0.19047619, 0.09523810, 0.00000000, 0.00000000, 0.00000000,-0.04761905, 0.04761905, 0.00000000, 0.00000000,-0.14285714, 0.23809524, 0.09523810,-1
"65", 65,"Fox News","Trump suggests coronavirus pandemic worse than the Spanish flu in some ways","President Trump on Tuesday appeared to suggest that the coronavirus pandemic is worse than the Spanish flu pandemic at the end of World War I that killed at least 50 million people, including about 675,000 in the United States.",NA,"politics","national", 1,5,2020, 8,-0.12500000,0.12500000,0.00000000,-0.12500000,0.1250000,0.00000000,-0.12500000,0.12500000,0.00000000,0.12500000, 0.00000000,0.12500000,0.12500000, 0, 8.00000000,-0.12500000, 0.12500000, 0.00000000,-0.12500000, 0.12500000, 0.00000000,-0.12500000, 0.12500000, 0.00000000, 0.12500000, 0.00000000, 0.12500000, 0.12500000,21.00000000,-0.09523810, 0.14285714, 0.04761905,-0.09523810, 0.09523810, 0.00000000,-0.04761905, 0.04761905, 0.00000000, 0.09523810, 0.00000000, 0.09523810, 0.09523810, 0
"66", 66,"Fox News","World Health Organization leader asks US to reconsider freezing funds, vows to continue fighting coronavirus","Calling the United States a ""longstanding and generous friend,"" the head of the World Health Organization on Wednesday said he ""regrets"" President Trump's decision to freeze millions of dollars in funding to the global group and said he hoped the White House would reconsider.",NA,"world","national", 1,4,2020,12, 0.16666667,0.08333333,0.25000000, 0.08333333,0.0000000,0.08333333, 0.00000000,0.00000000,0.00000000,0.08333333, 0.08333333,0.08333333,0.16666667, 1,12.00000000, 0.16666667, 0.08333333, 0.25000000, 0.08333333, 0.00000000, 0.08333333, 0.00000000, 0.00000000, 0.00000000, 0.08333333, 0.08333333, 0.08333333, 0.16666667,27.00000000, 0.22222222, 0.03703704, 0.25925926, 0.00000000, 0.00000000, 0.00000000, 0.03703704, 0.00000000, 0.03703704, 0.03703704, 0.18518519, 0.07407407, 0.25925926, 1
"67", 67,"Fox News","Victor Davis Hanson: US leads coronavirus fight — world looks to America now and for recovery","A current global myth alleges that America under the Trump administration is not leading the world fight against the coronavirus in its accustomed role as the postwar global leader.",NA,"opinion","national", 1,4,2020,11, 0.00000000,0.09090909,0.09090909, 0.09090909,0.0000000,0.09090909, 0.09090909,0.00000000,0.09090909,0.00000000, 0.18181818,0.00000000,0.18181818, 1,11.00000000, 0.00000000, 0.09090909, 0.09090909, 0.09090909, 0.00000000, 0.09090909, 0.09090909, 0.00000000, 0.09090909, 0.00000000, 0.18181818, 0.00000000, 0.18181818,16.00000000,-0.06250000, 0.12500000, 0.06250000, 0.12500000, 0.00000000, 0.12500000, 0.00000000, 0.06250000, 0.06250000, 0.00000000, 0.00000000, 0.12500000, 0.12500000, 0
"68", 68,"Fox News","Trump, at White House briefing, outlines broad measures to combat coronavirus in hardest-hit states","President Trump outlined on Sunday broad measures the federal government is taking to help combat the coronavirus pandemic in three states hardest by the contagion.",NA,"politics","national", 1,4,2020,11, 0.09090909,0.09090909,0.18181818, 0.00000000,0.0000000,0.00000000, 0.00000000,0.00000000,0.00000000,0.00000000, 0.09090909,0.09090909,0.18181818, 1,11.00000000, 0.09090909, 0.09090909, 0.18181818, 0.00000000, 0.00000000, 0.00000000, 0.00000000, 0.00000000, 0.00000000, 0.00000000, 0.09090909, 0.09090909, 0.18181818,17.00000000, 0.05882353, 0.11764706, 0.17647059, 0.00000000, 0.00000000, 0.00000000, 0.00000000, 0.00000000, 0.00000000, 0.00000000, 0.11764706, 0.05882353, 0.17647059, 1
"69", 69,"Fox News","Gordon G. Chang: Trump is right to ditch 5 decades of failed US-China engagement policy","China has been challenging the United States across the board, and President Trump – with comprehensive comments Friday – signaled the United States would defend itself across the board.",NA,"opinion","national", 1,6,2020,10, 0.00000000,0.20000000,0.20000000,-0.10000000,0.1000000,0.00000000,-0.10000000,0.10000000,0.00000000,0.00000000, 0.10000000,0.20000000,0.30000000, 1,10.00000000, 0.00000000, 0.20000000, 0.20000000,-0.10000000, 0.10000000, 0.00000000,-0.10000000, 0.10000000, 0.00000000, 0.00000000, 0.10000000, 0.20000000, 0.30000000,17.00000000, 0.11764706, 0.23529412, 0.35294118,-0.05882353, 0.05882353, 0.00000000,-0.11764706, 0.11764706, 0.00000000, 0.00000000, 0.23529412, 0.05882353, 0.29411765, 1
"70", 70,"Fox News","Dem lawmaker wants Trump prosecuted at international court for 'crimes against humanity'","A Democratic state representative in Ohio said she ""can't take it anymore"" and vowed to refer President Trump to the International Criminal Court for ""crimes against humanity"" over Trump's promotion of a drug that has not been conclusively proven to fight the coronavirus.",NA,"politics","national", 1,4,2020, 9, 0.11111111,0.22222222,0.33333333, 0.00000000,0.0000000,0.00000000,-0.22222222,0.22222222,0.00000000,0.00000000, 0.11111111,0.22222222,0.33333333, 1, 9.00000000, 0.11111111, 0.22222222, 0.33333333, 0.00000000, 0.00000000, 0.00000000,-0.22222222, 0.22222222, 0.00000000, 0.00000000, 0.11111111, 0.22222222, 0.33333333,24.00000000, 0.04166667, 0.12500000, 0.16666667, 0.00000000, 0.00000000, 0.00000000,-0.04166667, 0.08333333, 0.04166667, 0.00000000, 0.20833333, 0.08333333, 0.29166667, 1
"71", 71,"Fox News","Top Dem super PAC rolling out $6M in ads attacking Trump's coronavirus response","A super PAC led by a former aide to Hillary Clinton is rolling out a $6 million ad campaign starting Tuesday, attacking President Trump's response to the coronavirus pandemic.",NA,"politics","national", 1,4,2020, 9, 0.11111111,0.11111111,0.22222222, 0.00000000,0.0000000,0.00000000, 0.00000000,0.00000000,0.00000000,0.00000000, 0.33333333,0.11111111,0.44444444, 1, 9.00000000, 0.11111111, 0.11111111, 0.22222222, 0.00000000, 0.00000000, 0.00000000, 0.00000000, 0.00000000, 0.00000000, 0.00000000, 0.33333333, 0.11111111, 0.44444444,18.00000000, 0.11111111, 0.05555556, 0.16666667, 0.00000000, 0.00000000, 0.00000000, 0.00000000, 0.00000000, 0.00000000, 0.00000000, 0.16666667, 0.05555556, 0.22222222, 1
"72", 72,"Fox News","Potential coronavirus vaccine enters human testing trial","A super PAC led by a former aide to Hillary Clinton is rolling out a $6 million ad campaign starting Tuesday, attacking President Trump's response to the coronavirus pandemic.",NA,"us","national", 1,5,2020, 7, 0.14285714,0.00000000,0.14285714, 0.00000000,0.0000000,0.00000000, 0.00000000,0.00000000,0.00000000,0.00000000, 0.14285714,0.00000000,0.14285714, 1, 7.00000000, 0.14285714, 0.00000000, 0.14285714, 0.00000000, 0.00000000, 0.00000000, 0.00000000, 0.00000000, 0.00000000, 0.00000000, 0.14285714, 0.00000000, 0.14285714,18.00000000, 0.11111111, 0.05555556, 0.16666667, 0.00000000, 0.00000000, 0.00000000, 0.00000000, 0.00000000, 0.00000000, 0.00000000, 0.16666667, 0.05555556, 0.22222222, 1
"73", 73,"Fox News","Trump announces public-private partnership to develop coronavirus vaccine 'by the end of the year if we can'","President Trump on Friday announced a new public-private partnership to develop a vaccine for the novel coronavirus as part of what's being called “Operation Warp Speed,"" saying he hopes it will be produced ""quickly"" and will possibly be ready by the end of the year.",NA,"politics","national", 1,5,2020,10, 0.10000000,0.00000000,0.10000000, 0.00000000,0.0000000,0.00000000, 0.00000000,0.00000000,0.00000000,0.00000000, 0.10000000,0.00000000,0.10000000, 1,10.00000000, 0.10000000, 0.00000000, 0.10000000, 0.00000000, 0.00000000, 0.00000000, 0.00000000, 0.00000000, 0.00000000, 0.00000000, 0.10000000, 0.00000000, 0.10000000,27.00000000, 0.14814815, 0.03703704, 0.18518519, 0.00000000, 0.00000000, 0.00000000,-0.07407407, 0.07407407, 0.00000000, 0.03703704, 0.14814815, 0.03703704, 0.18518519, 1
"74", 74,"Fox News","Coronavirus: President Trump said US authorities 'shut it down.' Here's what that means","On Sunday, the Department of Homeland Security issued a restricted travel edict.",NA,"travel","national", 1,2,2020, 8, 0.00000000,0.12500000,0.12500000, 0.00000000,0.0000000,0.00000000,-0.12500000,0.12500000,0.00000000,0.00000000, 0.00000000,0.12500000,0.12500000, 0, 8.00000000, 0.00000000, 0.12500000, 0.12500000, 0.00000000, 0.00000000, 0.00000000,-0.12500000, 0.12500000, 0.00000000, 0.00000000, 0.00000000, 0.12500000, 0.12500000, 8.00000000, 0.12500000, 0.12500000, 0.25000000, 0.00000000, 0.00000000, 0.00000000, 0.00000000, 0.00000000, 0.00000000, 0.00000000,-0.12500000, 0.25000000, 0.12500000,-1
"75", 75,"Fox News","House passes $3T coronavirus relief -- the most expensive bill in history","The House of Representatives on Friday evening passed a $3 trillion coronavirus relief bill, the most expensive legislation approved by that body in history, that Democrats hailed as the unprecedented response needed to deal with the pandemic and its economic fallout.",NA,"politics","national", 1,5,2020, 7, 0.00000000,0.28571429,0.28571429, 0.00000000,0.0000000,0.00000000, 0.00000000,0.00000000,0.00000000,0.00000000,-0.14285714,0.28571429,0.14285714,-1, 7.00000000, 0.00000000, 0.28571429, 0.28571429, 0.00000000, 0.00000000, 0.00000000, 0.00000000, 0.00000000, 0.00000000, 0.00000000,-0.14285714, 0.28571429, 0.14285714,23.00000000, 0.04347826, 0.26086957, 0.30434783, 0.00000000, 0.00000000, 0.00000000,-0.04347826, 0.04347826, 0.00000000, 0.00000000, 0.13043478, 0.13043478, 0.26086957, 1
"76", 76,"Fox News","Feinstein urges Trump to reverse plan to block Iran request for $5B in IMF aid, claims it is in ‘our national interest’","Sen. Dianne Feinstein, D-Calif., has written to President Trump urging him to reverse a reported plan to block an Iranian request to the International Monetary Fund (IMF) for $5 billion in aid to fight the coronavirus crisis -- saying it is in the U.S. national interest to accede to the request.",NA,"politics","national", 1,4,2020,13, 0.00000000,0.07692308,0.07692308, 0.00000000,0.0000000,0.00000000,-0.07692308,0.07692308,0.00000000,0.00000000, 0.07692308,0.00000000,0.07692308, 1,13.00000000, 0.00000000, 0.07692308, 0.07692308, 0.00000000, 0.00000000, 0.00000000,-0.07692308, 0.07692308, 0.00000000, 0.00000000, 0.07692308, 0.00000000, 0.07692308,28.00000000, 0.00000000, 0.10714286, 0.10714286, 0.00000000, 0.00000000, 0.00000000,-0.03571429, 0.03571429, 0.00000000, 0.00000000, 0.03571429, 0.03571429, 0.07142857, 1
"77", 77,"Fox News","Kay Coles James: Trump’s coronavirus national emergency declaration helps mobilize nation","President Trump’s declaration of a national emergency Friday to deal with the coronavirus pandemic is anything but a sign to panic. Instead, it’s a reassurance to the American people.",NA,"opinion","national", 1,3,2020,11, 0.00000000,0.18181818,0.18181818, 0.00000000,0.0000000,0.00000000, 0.00000000,0.00000000,0.00000000,0.00000000, 0.00000000,0.09090909,0.09090909, 0,11.00000000, 0.00000000, 0.18181818, 0.18181818, 0.00000000, 0.00000000, 0.00000000, 0.00000000, 0.00000000, 0.00000000, 0.00000000, 0.00000000, 0.09090909, 0.09090909,16.00000000,-0.06250000, 0.18750000, 0.12500000, 0.00000000, 0.00000000, 0.00000000,-0.06250000, 0.06250000, 0.00000000, 0.00000000,-0.06250000, 0.12500000, 0.06250000,-1
"78", 78,"Fox News","Which US states are ready for phase 1 of reopening after coronavirus lockdown?","Some states are starting to plan for a return to normalcy, though many are in no rush to do so.",NA,"us","national", 1,4,2020, 6, 0.16666667,0.00000000,0.16666667, 0.00000000,0.0000000,0.00000000, 0.00000000,0.00000000,0.00000000,0.00000000, 0.33333333,0.00000000,0.33333333, 1, 6.00000000, 0.16666667, 0.00000000, 0.16666667, 0.00000000, 0.00000000, 0.00000000, 0.00000000, 0.00000000, 0.00000000, 0.00000000, 0.33333333, 0.00000000, 0.33333333, 8.00000000, 0.25000000, 0.00000000, 0.25000000, 0.00000000, 0.00000000, 0.00000000, 0.00000000, 0.00000000, 0.00000000, 0.00000000, 0.12500000, 0.00000000, 0.12500000, 1
"79", 79,"Fox News","Tennessee pushes forward with reopening businesses despite the rise of COVID-19 cases","Sen. Marsha Blackburn, R-Tenn., says she thinks her state is “doing very well with the reopening,” despite those who say businesses should remain closed.",NA,"media","national", 1,5,2020, 9, 0.00000000,0.11111111,0.11111111, 0.11111111,0.0000000,0.11111111, 0.11111111,0.00000000,0.11111111,0.00000000, 0.00000000,0.00000000,0.00000000, 0, 9.00000000, 0.00000000, 0.11111111, 0.11111111, 0.11111111, 0.00000000, 0.11111111, 0.11111111, 0.00000000, 0.11111111, 0.00000000, 0.00000000, 0.00000000, 0.00000000,14.00000000, 0.14285714, 0.07142857, 0.21428571, 0.00000000, 0.00000000, 0.00000000, 0.00000000, 0.07142857, 0.07142857, 0.00000000, 0.14285714, 0.00000000, 0.14285714, 1
"80", 80,"Fox News","Trump predicts coronavirus vaccine 'before the end of the year' as case count surges in parts of US","President Trump predicted Thursday during a ""Hannity"" town hall in Green Bay, Wis. that ""before the end of the year, we’ll have a vaccine"" for the coronavirus.",NA,"media","national",25,6,2020,10, 0.10000000,0.00000000,0.10000000, 0.00000000,0.0000000,0.00000000, 0.00000000,0.00000000,0.00000000,0.10000000, 0.10000000,0.00000000,0.10000000, 1,10.00000000, 0.10000000, 0.00000000, 0.10000000, 0.00000000, 0.00000000, 0.00000000, 0.00000000, 0.00000000, 0.00000000, 0.10000000, 0.10000000, 0.00000000, 0.10000000,15.00000000, 0.00000000, 0.00000000, 0.00000000, 0.00000000, 0.00000000, 0.00000000, 0.00000000, 0.00000000, 0.00000000, 0.06666667, 0.06666667, 0.00000000, 0.06666667, 1
"81", 81,"Fox News","Trump unapologetically uses phrase ‘Chinese Virus’ as clash escalates with China over its origins","The war of words between the Trump administration and China over the origin of coronavirus has escalated as President Trump is going out of his way to call it the ""Chinese Virus"" and China has embarked on a propaganda campaign to shift blame for the pandemic away from the Chinese Communist Party's handling of the crisis.",NA,"politics","national", 1,3,2020,10, 0.10000000,0.10000000,0.20000000, 0.00000000,0.0000000,0.00000000,-0.10000000,0.10000000,0.00000000,0.00000000, 0.20000000,0.10000000,0.30000000, 1,10.00000000, 0.10000000, 0.10000000, 0.20000000, 0.00000000, 0.00000000, 0.00000000,-0.10000000, 0.10000000, 0.00000000, 0.00000000, 0.20000000, 0.10000000, 0.30000000,27.00000000,-0.07407407, 0.14814815, 0.07407407, 0.00000000, 0.00000000, 0.00000000,-0.07407407, 0.07407407, 0.00000000, 0.00000000,-0.03703704, 0.14814815, 0.11111111,-1
"82", 82,"Fox News","Republicans, immigration hawks call on Trump to further expand immigration restrictions amid economic woes","Republicans and immigration hawks are increasing the pressure on President Trump to expand restrictions on immigration into the U.S. amid the dire economic situation -- calling on Trump to limit the number of temporary guest workers coming into the country.",NA,"politics","national", 1,5,2020,11, 0.00000000,0.18181818,0.18181818, 0.09090909,0.0000000,0.09090909, 0.00000000,0.00000000,0.00000000,0.00000000, 0.00000000,0.18181818,0.18181818, 0,11.00000000, 0.00000000, 0.18181818, 0.18181818, 0.09090909, 0.00000000, 0.09090909, 0.00000000, 0.00000000, 0.00000000, 0.00000000, 0.00000000, 0.18181818, 0.18181818,23.00000000, 0.00000000, 0.13043478, 0.13043478, 0.08695652, 0.00000000, 0.08695652,-0.04347826, 0.04347826, 0.00000000, 0.00000000, 0.04347826, 0.13043478, 0.17391304, 1
"83", 83,"Fox News","Immigration hawks underwhelmed by executive order, call for Trump to 'do better'","Even as President Trump faces blistering criticism from Democrats for his executive order restricting immigration into the U.S., he is also encountering significant pushback from immigration hawks -- who argue the order falls short of the moratorium they were expecting, and are demanding Trump “do better.”",NA,"politics","national", 1,5,2020, 8, 0.12500000,0.25000000,0.37500000, 0.12500000,0.0000000,0.12500000, 0.12500000,0.00000000,0.12500000,0.00000000, 0.37500000,0.00000000,0.37500000, 1, 8.00000000, 0.12500000, 0.25000000, 0.37500000, 0.12500000, 0.00000000, 0.12500000, 0.12500000, 0.00000000, 0.12500000, 0.00000000, 0.37500000, 0.00000000, 0.37500000,26.00000000,-0.19230769, 0.34615385, 0.15384615,-0.03846154, 0.03846154, 0.00000000,-0.11538462, 0.11538462, 0.00000000, 0.00000000, 0.03846154, 0.19230769, 0.23076923, 1
"84", 84,"Fox News","Americans face nearly unprecedented travel restrictions inside US as states rush to stem coronavirus tide","Taken together, these travel restrictions, which reach nearly every corner of the United States, are a nearly unprecedented limitation of Americans' movement as every level of government is scrambling to prevent the spread of the coronavirus.",NA,"politics","national", 1,4,2020,12, 0.08333333,0.08333333,0.16666667, 0.00000000,0.0000000,0.00000000, 0.00000000,0.00000000,0.00000000,0.08333333, 0.00000000,0.08333333,0.08333333, 0,12.00000000, 0.08333333, 0.08333333, 0.16666667, 0.00000000, 0.00000000, 0.00000000, 0.00000000, 0.00000000, 0.00000000, 0.08333333, 0.00000000, 0.08333333, 0.08333333,22.00000000, 0.04545455, 0.09090909, 0.13636364, 0.00000000, 0.00000000, 0.00000000,-0.09090909, 0.09090909, 0.00000000, 0.09090909,-0.04545455, 0.13636364, 0.09090909,-1
"85", 85,"Fox News","James Carafano: Trump’s coronavirus national emergency declaration allows US to escalate war on virus","The national emergency declaration greatly expands the resources available to states and communities for dealing with the coronavirus and the fallout from the pandemic.",NA,"opinion","national", 1,3,2020,11,-0.09090909,0.18181818,0.09090909, 0.00000000,0.0000000,0.00000000,-0.09090909,0.09090909,0.00000000,0.00000000,-0.18181818,0.18181818,0.00000000,-1,11.00000000,-0.09090909, 0.18181818, 0.09090909, 0.00000000, 0.00000000, 0.00000000,-0.09090909, 0.09090909, 0.00000000, 0.00000000,-0.18181818, 0.18181818, 0.00000000,13.00000000, 0.23076923, 0.23076923, 0.46153846, 0.07692308, 0.00000000, 0.07692308, 0.00000000, 0.07692308, 0.07692308, 0.00000000, 0.15384615, 0.15384615, 0.30769231, 1
"86", 86,"Fox News","Ford tells White House Trump should wear coronavirus mask when visiting plant this week","President Trump and officials accompanying him to a Ford Motor Company factory in Michigan that manufactures ventilators on Thursday were recommended to wear masks at the facility, the auto-maker said Tuesday.",NA,"politics","national", 1,6,2020,11,-0.09090909,0.09090909,0.00000000, 0.00000000,0.0000000,0.00000000, 0.00000000,0.00000000,0.00000000,0.00000000, 0.09090909,0.00000000,0.09090909, 1,11.00000000,-0.09090909, 0.09090909, 0.00000000, 0.00000000, 0.00000000, 0.00000000, 0.00000000, 0.00000000, 0.00000000, 0.00000000, 0.09090909, 0.00000000, 0.09090909,19.00000000, 0.05263158, 0.05263158, 0.10526316, 0.00000000, 0.00000000, 0.00000000, 0.00000000, 0.00000000, 0.00000000, 0.00000000, 0.05263158, 0.05263158, 0.10526316, 1
"87", 87,"Fox News","Dale Wilcox: Trump's coronavirus immigration halt is legal and necessary","This executive order is all about helping the struggling everyman, and yet the avalanche of criticism has already begun. Critics say it is racist, xenophobic and illegal. All of those accusations are false.",NA,"opinion","national", 1,5,2020, 8, 0.12500000,0.00000000,0.12500000, 0.00000000,0.0000000,0.00000000,-0.12500000,0.12500000,0.00000000,0.00000000, 0.12500000,0.00000000,0.12500000, 1, 8.00000000, 0.12500000, 0.00000000, 0.12500000, 0.00000000, 0.00000000, 0.00000000,-0.12500000, 0.12500000, 0.00000000, 0.00000000, 0.12500000, 0.00000000, 0.12500000,17.00000000,-0.35294118, 0.47058824, 0.11764706, 0.00000000, 0.00000000, 0.00000000,-0.29411765, 0.29411765, 0.00000000, 0.00000000,-0.35294118, 0.47058824, 0.11764706,-1
"88", 88,"Fox News","More than a dozen USS Theodore Roosevelt sailors test positive for coronavirus a second time","At least 13 sailors serving aboard the sidelined USS Theodore Roosevelt have tested positive for the coronavirus a second time, according to reports.",NA,"us","national", 1,5,2020,10, 0.10000000,0.00000000,0.10000000, 0.10000000,0.0000000,0.10000000, 0.10000000,0.00000000,0.10000000,0.00000000, 0.20000000,0.00000000,0.20000000, 1,10.00000000, 0.10000000, 0.00000000, 0.10000000, 0.10000000, 0.00000000, 0.10000000, 0.10000000, 0.00000000, 0.10000000, 0.00000000, 0.20000000, 0.00000000, 0.20000000,15.00000000, 0.06666667, 0.06666667, 0.13333333, 0.00000000, 0.06666667, 0.06666667, 0.06666667, 0.00000000, 0.06666667, 0.00000000, 0.13333333, 0.00000000, 0.13333333, 1
"89", 89,"Fox News","Pence tells 'Ingraham Angle' Trump will move to reopen the economy 'at a responsible moment'","Vice President Mike Pence told Fox News' Laura Ingraham in an exclusive interview airing Tuesday that the Food and Drug Administration (FDA) is very close to approving a viable antibody test that will help determine an individual's immunity to the coronavirus.",NA,"media","national", 1,4,2020,11, 0.27272727,0.00000000,0.27272727, 0.00000000,0.0000000,0.00000000,-0.09090909,0.09090909,0.00000000,0.00000000, 0.36363636,0.00000000,0.36363636, 1,11.00000000, 0.27272727, 0.00000000, 0.27272727, 0.00000000, 0.00000000, 0.00000000,-0.09090909, 0.09090909, 0.00000000, 0.00000000, 0.36363636, 0.00000000, 0.36363636,28.00000000, 0.07142857, 0.14285714, 0.21428571, 0.00000000, 0.00000000, 0.00000000,-0.03571429, 0.07142857, 0.03571429, 0.00000000, 0.07142857, 0.07142857, 0.14285714, 1
"90", 90,"Fox News","Coronavirus cases in US exceed 1,000, as Michigan sees its first cases","The first cases of coronavirus have been confirmed in Michigan on Tuesday night, as the total amount of infected in the U.S. nears 1,000.",NA,"health","national", 1,3,2020, 7, 0.00000000,0.00000000,0.00000000, 0.14285714,0.0000000,0.14285714, 0.00000000,0.00000000,0.00000000,0.00000000, 0.14285714,0.00000000,0.14285714, 1, 7.00000000, 0.00000000, 0.00000000, 0.00000000, 0.14285714, 0.00000000, 0.14285714, 0.00000000, 0.00000000, 0.00000000, 0.00000000, 0.14285714, 0.00000000, 0.14285714,11.00000000,-0.09090909, 0.09090909, 0.00000000, 0.00000000, 0.00000000, 0.00000000, 0.00000000, 0.00000000, 0.00000000, 0.09090909,-0.09090909, 0.09090909, 0.00000000,-1
"91", 91,"Fox News","James Carville predicts 'Democratic wipeout' in November after Trump's coronavirus response","Democratic strategist James Carville predicted on Wednesday that Democrats would easily achieve victory in November because of the way Trump handled the coronavirus pandemic.",NA,"media","national", 1,4,2020, 9, 0.11111111,0.00000000,0.11111111, 0.00000000,0.0000000,0.00000000, 0.00000000,0.00000000,0.00000000,0.11111111, 0.22222222,0.00000000,0.22222222, 1, 9.00000000, 0.11111111, 0.00000000, 0.11111111, 0.00000000, 0.00000000, 0.00000000, 0.00000000, 0.00000000, 0.00000000, 0.11111111, 0.22222222, 0.00000000, 0.22222222,16.00000000, 0.12500000, 0.00000000, 0.12500000, 0.06250000, 0.00000000, 0.06250000, 0.12500000, 0.00000000, 0.12500000, 0.06250000, 0.18750000, 0.00000000, 0.18750000, 1
"92", 92,"Fox News","MSNBC legal analyst suggests Trump is guilty of 'negligent homicide' for coronavirus response","MSNBC legal analyst Glenn Kirschner argued on Tuesday that President Trump is in legal trouble over his response to the coronavirus outbreak.",NA,"media","national", 1,3,2020,10, 0.00000000,0.20000000,0.20000000, 0.00000000,0.0000000,0.00000000,-0.20000000,0.20000000,0.00000000,0.10000000, 0.00000000,0.20000000,0.20000000, 0,10.00000000, 0.00000000, 0.20000000, 0.20000000, 0.00000000, 0.00000000, 0.00000000,-0.20000000, 0.20000000, 0.00000000, 0.10000000, 0.00000000, 0.20000000, 0.20000000,14.00000000, 0.00000000, 0.21428571, 0.21428571, 0.00000000, 0.00000000, 0.00000000,-0.14285714, 0.14285714, 0.00000000, 0.00000000, 0.00000000, 0.14285714, 0.14285714, 0
"93", 93,"Fox News","Michigan AG tells Trump to wear mask while visiting Ford plant: It's 'the law'","Michigan's attorney general urged President Trump to wear a face mask when he visits the state Thursday to tour a Ford Motor Co. plant.",NA,"politics","national", 1,6,2020, 9, 0.00000000,0.11111111,0.11111111, 0.00000000,0.0000000,0.00000000, 0.00000000,0.00000000,0.00000000,0.00000000, 0.22222222,0.00000000,0.22222222, 1, 9.00000000, 0.00000000, 0.11111111, 0.11111111, 0.00000000, 0.00000000, 0.00000000, 0.00000000, 0.00000000, 0.00000000, 0.00000000, 0.22222222, 0.00000000, 0.22222222,16.00000000, 0.00000000, 0.06250000, 0.06250000, 0.00000000, 0.00000000, 0.00000000, 0.00000000, 0.00000000, 0.00000000, 0.00000000, 0.12500000, 0.00000000, 0.12500000, 1
"94", 94,"Fox News","Ex-NYT reporter Berenson skeptical about COVID spike: Positive test numbers alone 'not clinically meaningful'","Former New York Times reporter Alex Berenson told ""The Story"" Friday that while he wasn't sure if the increased number of coronavirus cases in some parts of the country amount to a so-called ""second wave"" of the pandemic, the mainstream media's coverage shows that it ""just wants panic.""",NA,"media","national", 1,6,2020,12, 0.08333333,0.08333333,0.16666667, 0.08333333,0.0000000,0.08333333, 0.08333333,0.00000000,0.08333333,0.00000000, 0.08333333,0.08333333,0.16666667, 1,12.00000000, 0.08333333, 0.08333333, 0.16666667, 0.08333333, 0.00000000, 0.08333333, 0.08333333, 0.00000000, 0.08333333, 0.00000000, 0.08333333, 0.08333333, 0.16666667,30.00000000,-0.03333333, 0.06666667, 0.03333333, 0.03333333, 0.00000000, 0.03333333,-0.03333333, 0.03333333, 0.00000000, 0.00000000, 0.03333333, 0.03333333, 0.06666667, 1
"95", 95,"Fox News","43 cases of coronavirus, 6 deaths in the US but risk to Americans 'remains low,' Pence says at WH briefing","Vice President Pence confirmed that there are 43 cases of coronavirus in the U.S. but said the risk ""remains low"" for the American people.",NA,"politics","national", 1,3,2020,10,-0.20000000,0.20000000,0.00000000,-0.20000000,0.2000000,0.00000000, 0.00000000,0.00000000,0.00000000,0.10000000,-0.20000000,0.20000000,0.00000000,-1,10.00000000,-0.20000000, 0.20000000, 0.00000000,-0.20000000, 0.20000000, 0.00000000, 0.00000000, 0.00000000, 0.00000000, 0.10000000,-0.20000000, 0.20000000, 0.00000000,12.00000000,-0.16666667, 0.16666667, 0.00000000,-0.16666667, 0.16666667, 0.00000000, 0.00000000, 0.00000000, 0.00000000, 0.08333333,-0.16666667, 0.16666667, 0.00000000,-1
"96", 96,"Fox News","Liz Peek: Coronavirus and China – 4 ways US can start to avenge deaths of hundreds of thousands","People everywhere will demand that Beijing pay a price for the enormous loss of life and the incalculable damage done to economies around the globe.",NA,"opinion","national", 1,5,2020,11,-0.18181818,0.18181818,0.00000000, 0.00000000,0.0000000,0.00000000, 0.00000000,0.00000000,0.00000000,0.00000000,-0.18181818,0.18181818,0.00000000,-1,11.00000000,-0.18181818, 0.18181818, 0.00000000, 0.00000000, 0.00000000, 0.00000000, 0.00000000, 0.00000000, 0.00000000, 0.00000000,-0.18181818, 0.18181818, 0.00000000,16.00000000, 0.00000000, 0.12500000, 0.12500000, 0.00000000, 0.00000000, 0.00000000,-0.18750000, 0.18750000, 0.00000000, 0.00000000,-0.06250000, 0.12500000, 0.06250000,-1
"97", 97,"Fox News","60 percent of Americans approve of Trump’s handling of coronavirus: Gallup poll","President Trump's approval numbers are as high as they've ever been throughout his presidency as he deals with the coronavirus outbreak, according to the latest Gallup poll.",NA,"politics","national", 1,4,2020, 8, 0.12500000,0.00000000,0.12500000, 0.00000000,0.0000000,0.00000000, 0.00000000,0.00000000,0.00000000,0.00000000, 0.12500000,0.00000000,0.12500000, 1, 8.00000000, 0.12500000, 0.00000000, 0.12500000, 0.00000000, 0.00000000, 0.00000000, 0.00000000, 0.00000000, 0.00000000, 0.00000000, 0.12500000, 0.00000000, 0.12500000,16.00000000, 0.06250000, 0.12500000, 0.18750000, 0.06250000, 0.00000000, 0.06250000, 0.00000000, 0.00000000, 0.00000000, 0.00000000, 0.06250000, 0.06250000, 0.12500000, 1
"98", 98,"Fox News","$2 trillion wasn’t enough: Lawmakers already eyeing another coronavirus response bill","On the heels of the largest stimulus package passed in U.S. history, lawmakers on Capitol Hill and administration officials are contemplating yet another piece of legislation to provide economic relief amid the coronavirus outbreak.",NA,"politics","national", 1,4,2020,10, 0.20000000,0.00000000,0.20000000, 0.00000000,0.0000000,0.00000000, 0.00000000,0.00000000,0.00000000,0.00000000, 0.20000000,0.00000000,0.20000000, 1,10.00000000, 0.20000000, 0.00000000, 0.20000000, 0.00000000, 0.00000000, 0.00000000, 0.00000000, 0.00000000, 0.00000000, 0.00000000, 0.20000000, 0.00000000, 0.20000000,22.00000000, 0.04545455, 0.13636364, 0.18181818, 0.04545455, 0.00000000, 0.04545455, 0.00000000, 0.00000000, 0.00000000, 0.00000000, 0.00000000, 0.13636364, 0.13636364, 0
"99", 99,"Fox News","Global coronavirus infections tally surpasses 500,000, more than 120,000 recovered","The global tally of coronavirus infections reached more than half a million people on Thursday after a spike in cases reported in Italy.",NA,"world","national", 1,4,2020, 6, 0.00000000,0.16666667,0.16666667, 0.00000000,0.0000000,0.00000000, 0.16666667,0.00000000,0.16666667,0.00000000, 0.16666667,0.16666667,0.33333333, 1, 6.00000000, 0.00000000, 0.16666667, 0.16666667, 0.00000000, 0.00000000, 0.00000000, 0.16666667, 0.00000000, 0.16666667, 0.00000000, 0.16666667, 0.16666667, 0.33333333,13.00000000,-0.07692308, 0.07692308, 0.00000000, 0.00000000, 0.00000000, 0.00000000, 0.00000000, 0.00000000, 0.00000000, 0.00000000,-0.07692308, 0.07692308, 0.00000000,-1
"100",100,"Fox News","Warren, Senate Democrats call for investigation into Trump administration response to coronavirus","Sen. Elizabeth Warren and nine other Democratic senators called for investigations into the Trump administration’s response to the coronavirus pandemic on Wednesday, calling for answers over whether “political expediency” rather than the country’s urgent public health needs have driven the administration’s decisions.",NA,"politics","national", 1,5,2020, 9, 0.22222222,0.00000000,0.22222222, 0.00000000,0.0000000,0.00000000,-0.11111111,0.11111111,0.00000000,0.00000000, 0.22222222,0.00000000,0.22222222, 1, 9.00000000, 0.22222222, 0.00000000, 0.22222222, 0.00000000, 0.00000000, 0.00000000,-0.11111111, 0.11111111, 0.00000000, 0.00000000, 0.22222222, 0.00000000, 0.22222222,28.00000000, 0.10714286, 0.03571429, 0.14285714, 0.00000000, 0.00000000, 0.00000000,-0.07142857, 0.07142857, 0.00000000, 0.00000000, 0.10714286, 0.03571429, 0.14285714, 1
