Title,Title_link,Thumbnail,eyebrow,time,dek
Trump vows 'second wave' of coronavirus won't shut down US,https://www.foxnews.com/us/trump-vows-second-wave-of-coronavirus-wont-shut-down-us,https://a57.foxnews.com/static.foxnews.com/foxnews.com/content/uploads/2020/05/156/88/TrumpMichigan052220.jpg?ve=1&tl=1,us,1 month ago,
"Trump, in Michigan: 'We're not going to close the country' if there's a 2nd wave of coronavirus cases",https://www.foxnews.com/politics/trump-michigan-coronavirus-second-wave-not-going-close-country,https://a57.foxnews.com/cf-images.us-east-1.prod.boltdns.net/v1/static/694940094001/cc21b3de-5c31-4643-af85-ea4c4a4eba17/b63cf893-99b3-4a28-bc29-bce49ce20baf/1280x720/match/156/88/image.jpg?ve=1&tl=1,politics,1 month ago,"President Trump acknowledged on Thursday that there could be a second wave of the coronavirus epidemic later this year, but flatly stated he wouldn’t let any further outbreaks shutter the economy again."
"Second, deadlier wave of coronavirus could be on the way later this year, CDC director warns",https://www.foxnews.com/us/second-deadlier-wave-of-coronavirus-could-be-on-the-way-later-this-year-cdc-director-warns,https://a57.foxnews.com/static.foxnews.com/foxnews.com/content/uploads/2020/04/156/88/Coronavirus2_042220.jpg?ve=1&tl=1,us,2 months ago,"President Trump acknowledged on Thursday that there could be a second wave of the coronavirus epidemic later this year, but flatly stated he wouldn’t let any further outbreaks shutter the economy again."
"South Korea struggles with new spikes, but WHO disputes claim of 'second wave'",https://www.foxnews.com/world/south-korea-struggles-with-new-spikes-but-who-disputes-claim-of-second-wave,https://a57.foxnews.com/static.foxnews.com/foxnews.com/content/uploads/2020/05/156/88/seoul-1.jpg?ve=1&tl=1,world,3 days ago,"The country was touted as a prime example early during the pandemic, but has stumbled with a return to normal."
"Trump criticizes Sweden's no-lockdown stance after WHO praise, claims US made ‘correct decision’",https://www.foxnews.com/politics/trump-swedens-lockdown-who-praise,https://a57.foxnews.com/cf-images.us-east-1.prod.boltdns.net/v1/static/694940094001/c2bdd748-5a57-4270-a09e-a6d649e178bf/f0453e04-3330-458b-bb58-12e0779100e9/1280x720/match/156/88/image.jpg?ve=1&tl=1,politics,2 months ago,"President Trump on Thursday took aim at Sweden’s decision to not order lockdowns in response to the coronavirus epidemic, claiming the U.S. made “the correct decision” after the World Health Organization praised the Scandinavian country’s more moderate approach."
"Fred Fleitz: After coronavirus pandemic ends, investigations must review responses by China, US and others",https://www.foxnews.com/opinion/coronavirus-china-fred-fleitz,https://a57.foxnews.com/cf-images.us-east-1.prod.boltdns.net/v1/static/694940094001/f12e0a26-9fc6-440d-a7dc-63428e0840a8/917d9717-0413-4f3e-b178-2a6001cbe55b/1280x720/match/156/88/image.jpg?ve=1&tl=1,opinion,3 months ago,While work to find treatments and a vaccine to protect us from the coronavirus accelerates around the world – and as we sadly see a growing number of hospitalizations and deaths caused by the virus – it’s not too early to plan how to review the American and international responses to the pandemic once it has ended.
MSNBC anchor surprised by Trump's high approval ratings: People see him as a leader 'no matter what he says',https://www.foxnews.com/media/msnbc-andrea-mitchell-trump-approval,https://a57.foxnews.com/static.foxnews.com/foxnews.com/content/uploads/2019/08/156/88/Andrea-Mitchell.jpg?ve=1&tl=1,media,3 months ago,MSNBC anchor Andrea Mitchell seemed surprised on Wednesday that people saw President Trump as a leader given the way he handled the coronavirus pandemic.
States send mixed messages on whether coronavirus rebound could trigger second round of shutdowns,https://www.foxnews.com/politics/states-send-mixed-messages-on-whether-coronavirus-rebound-could-trigger-second-round-of-shutdowns,https://a57.foxnews.com/cf-images.us-east-1.prod.boltdns.net/v1/static/694940094001/b4be28da-6771-4e90-acc1-0c4bf791df8d/4e9f8d92-c098-4861-a33d-efe525beac5b/1280x720/match/156/88/image.jpg?ve=1&tl=1,politics,1 month ago,"As most states move to at least partially reopen their economies and lift orders requiring people to stay at home to slow the spread of the coronavirus, they are sending mixed messages on whether or not the controversial restrictions could be fully or partially re-implemented if there is another increase of cases."
More than 100 million people in China face new lockdown as second wave of COVID-19 cases emerge,https://www.foxnews.com/world/more-than-100-million-people-in-china-face-new-lockdown-as-second-wave-of-covid-19-cases-emerge,https://a57.foxnews.com/static.foxnews.com/foxnews.com/content/uploads/2020/05/156/88/iStock-1212218902.jpg?ve=1&tl=1,world,1 month ago,Nearly 108 million people in China's Jilin province are being forced back on lockdown after a growing group of new coronavirus infections has triggered a backslide in the nation's push to return to normal.
"China reports largest uptick in coronavirus cases in more than a month, says most were 'imported'",https://www.foxnews.com/world/china-reports-largest-uptick-in-coronavirus-cases-in-more-than-a-month-says-most-were-imported,https://a57.foxnews.com/static.foxnews.com/foxnews.com/content/uploads/2020/04/156/88/04_AP20100116687858.jpg?ve=1&tl=1,world,3 months ago,"China on Monday reported its largest uptick in new coronavirus infections in more than a month, but said most of them are imported."
"China reports largest uptick in coronavirus cases in more than a month, says most were 'imported'",https://www.foxnews.com/world/china-reports-largest-uptick-in-coronavirus-cases-in-more-than-a-month-says-most-were-imported,https://a57.foxnews.com/static.foxnews.com/foxnews.com/content/uploads/2020/04/156/88/04_AP20100116687858.jpg?ve=1&tl=1,world,3 months ago,"China on Monday reported its largest uptick in new coronavirus infections in more than a month, but said most of them are imported."
Ex-NYT reporter Berenson warns of 'big pivot' from officials to justify lockdown strategy,https://www.foxnews.com/politics/berenson-big-pivot-lockdown-strategy,https://a57.foxnews.com/static.foxnews.com/foxnews.com/content/uploads/2020/04/156/88/992d09d4-Alex-Berenson.jpg?ve=1&tl=1,politics,3 months ago,Former New York Times reporter Alex Berenson -- who has quickly become of one of the key figures in a growing movement questioning the strategy to lock down large sections of the country in response to the coronavirus crisis -- is warning of a “big pivot” in rhetoric from politicians and health officials pushing the strategy.
Sen. Tim Kaine and wife test positive for coronavirus antibodies,https://www.foxnews.com/politics/sen-tim-kaine-and-wife-test-positive-for-coronavirus-antibodies,https://a57.foxnews.com/media2.foxnews.com/BrightCove/694940094001/2016/11/09/156/88/694940094001_5203383686001_Tim-Kaine-I-m-proud-of-Hillary-Clinton.jpg?ve=1&tl=1,politics,1 month ago,"Virginia Democratic Sen. Tim Kaine and his wife have tested positive for coronavirus antibodies, according to the senator's office, a result that if accurate would indicate that both the former Democratic vice-presidential nominee and his spouse had the disease earlier this year as the pandemic as spread across the U.S., killing more than 100,000 Americans."
"Coronavirus experts send mixed messages on transmission, potential second wave",https://www.foxnews.com/transcript/coronavirus-experts-send-mixed-messages-on-transmission-potential-second-wave,https://a57.foxnews.com/cf-images.us-east-1.prod.boltdns.net/v1/static/694940094001/3d34547b-3941-4582-a2f2-9b62f42384b0/450642c6-a384-419c-85d9-48ecd96cf9d7/1280x720/match/156/88/image.jpg?ve=1&tl=1,transcript,1 month ago,"Virginia Democratic Sen. Tim Kaine and his wife have tested positive for coronavirus antibodies, according to the senator's office, a result that if accurate would indicate that both the former Democratic vice-presidential nominee and his spouse had the disease earlier this year as the pandemic as spread across the U.S., killing more than 100,000 Americans."
"Kudlow: There is no 'second spike' in COVID-19 cases, not going to shut down economy",https://www.foxnews.com/media/larry-kudlow-there-is-no-second-spike-in-covid-19-cases-not-going-to-shut-down-economy,https://a57.foxnews.com/static.foxnews.com/foxnews.com/content/uploads/2020/06/156/88/750d71ec-image.jpg?ve=1&tl=1,media,1 month ago,"White House National Economic Council Director Larry Kudlow reported Friday that U.S. health experts told him there is no second spike of the coronavirus, but that certain spots are seeing a ""jump up."""
"Ari Fleischer: Donald Trump, Barack Obama and a second wave terror threat",https://www.foxnews.com/opinion/ari-fleischer-donald-trump-barack-obama-and-a-second-wave-terror-threat,https://a57.foxnews.com/media2.foxnews.com/BrightCove/694940094001/2015/12/13/156/88/694940094001_4659800039001_b62d5fc8-115c-42dd-b73e-93d40cefa178.jpg?ve=1&tl=1,opinion,5 years ago,Fear of terrorism in the United States is helping drive Donald Trump’s candidacy.
Trump to 'suspend immigration into the United States' by executive order amid coronavirus,https://www.foxnews.com/politics/trump-suspend-immigration-executive-order-coronavirus,https://a57.foxnews.com/cf-images.us-east-1.prod.boltdns.net/v1/static/694940094001/3c1ee8c8-7d34-48e4-904c-7b45aa17069b/2e857ffd-4fc0-4e5a-a99a-9b37ee1fb160/1280x720/match/156/88/image.jpg?ve=1&tl=1,politics,2 months ago,"President Trump announced late Monday he will soon sign an executive order ""to temporarily suspend immigration into the United States"" in a drastic escalation of his efforts to fight the coronavirus pandemic and boost the economy."
Could George Floyd protesters cause a spike in coronavirus cases? Johns Hopkins doctor explains,https://www.foxnews.com/media/could-george-floyd-protesters-cause-a-spike-in-coronavirus-cases,https://a57.foxnews.com/static.foxnews.com/foxnews.com/content/uploads/2020/06/156/88/AP20158808024441.jpg?ve=1&tl=1,media,1 month ago,"Fox News spoke with Dr. Amesh Adalja, an infectious disease physician and senior scholar for Johns Hopkins Center for Health Security, who says mass gatherings won’t help herd immunity anytime soon."
Trump 'disagrees strongly' with Georgia governor's plan to reopen some businesses,https://www.foxnews.com/politics/trump-disagrees-strongly-with-georgia-governors-plan-to-reopen-some-businesses,https://a57.foxnews.com/static.foxnews.com/foxnews.com/content/uploads/2020/04/156/88/AP20112757499751.jpg?ve=1&tl=1,politics,2 months ago,"In a head-turning moment at Wednesday's coronavirus briefing, President Trump told reporters that he ""disagrees strongly"" with Georgia Republican Gov. Brian Kemp's plan to reopen some businesses in his state, including gyms, barbershops and nail salons, on Friday."
"Coronavirus: Trump has declared major disaster in all 50 states at once, first time in history",https://www.foxnews.com/politics/coronavirus-trump-declared-major-disaster-in-all-50-states-first-time-history,https://a57.foxnews.com/static.foxnews.com/foxnews.com/content/uploads/2020/04/156/88/Trump040720.jpg?ve=1&tl=1,politics,3 months ago,"President Trump issued a major disaster declaration for Wyoming on Saturday, meaning that there is now such a declaration within all 50 states due to the COVID-19 pandemic."
Wuhan tested millions of people for COVID-19 in just days: Could US cities do the same?,https://www.foxnews.com/science/wuhan-tested-millions-of-people-for-covid-19-in-just-days-could-us-cities-do-the-same,https://a57.foxnews.com/static.foxnews.com/foxnews.com/content/uploads/2020/05/156/88/iStock-1208953647.jpg?ve=1&tl=1,science,1 month ago,"The city of Wuhan, China, where the COVID-19 outbreak first emerged, recently launched a campaign to test every one of its 11 million residents for the virus."
"US coronavirus cases surpass 2M, spike in many areas while Europe’s decline, CDC says",https://www.foxnews.com/health/us-coronavirus-cases-surpass-2m-spike-in-many-areas-while-europes-decline-cdc-says,https://a57.foxnews.com/static.foxnews.com/foxnews.com/content/uploads/2020/06/156/88/AP20160627736340.jpg?ve=1&tl=1,health,1 month ago,"Confirmed cases of the coronavirus passed the 2 million mark in the U.S. on Wednesday, with infection rates in many areas appearing to spike -- despite declines in infections throughout Europe, according to a report."
Inside China's high-stakes campaign to smear the United States over coronavirus,https://www.foxnews.com/us/china-smear-united-states-coronavirus-wuhan,https://a57.foxnews.com/cf-images.us-east-1.prod.boltdns.net/v1/static/694940094001/cd5213ae-d8cf-41b7-a643-b6b17048d145/8edc9a31-22f0-4555-b395-8d402f8bd235/1280x720/match/156/88/image.jpg?ve=1&tl=1,us,4 months ago,It's a high-stakes strategy for the Asian nation fighting to keep its superpower status amid a national lockdown and palpable anger over claims of a cover-up made worse by an economic crisis.
Is there reason to panic about a second wave of coronavirus?,https://www.foxnews.com/transcript/is-there-reason-to-panic-about-a-second-wave-of-coronavirus,https://a57.foxnews.com/cf-images.us-east-1.prod.boltdns.net/v1/static/694940094001/80c33c00-405a-40da-9d67-7a4f3866cf70/b4846aea-8881-451e-9d3f-f85f377e74f4/1280x720/match/156/88/image.jpg?ve=1&tl=1,transcript,1 month ago,It's a high-stakes strategy for the Asian nation fighting to keep its superpower status amid a national lockdown and palpable anger over claims of a cover-up made worse by an economic crisis.
Cruz rolls out bill to provide tax credits to businesses who test employees for coronavirus weekly,https://www.foxnews.com/politics/cruz-rolls-out-bill-to-provide-tax-credits-to-businesses-who-test-employees-for-covid-19-weekly,https://a57.foxnews.com/media.foxbusiness.com/BrightCove/854081161001/202005/489/156/88/854081161001_6160343081001_6160347722001-vs.jpg?ve=1&tl=1,politics,1 month ago,Sen. Ted Cruz on Tuesday rolled out new legislation that would provide tax credits to businesses that plan to test employees for the novel coronavirus every week in states where the infection rates are above the national average.
Bernie Sanders blasts Trump's planned rally: 'Literally incomprehensible',https://www.foxnews.com/politics/bernie-sanders-blasts-trump-rally,https://a57.foxnews.com/cf-images.us-east-1.prod.boltdns.net/v1/static/694940094001/c0a4d9ef-681e-4d5b-bc1b-c192dcdee720/c3a348b8-bb7d-4721-8053-3008d40bbec7/1280x720/match/156/88/image.jpg?ve=1&tl=1,politics,14 days ago,"Sen. Bernie Sanders, I-Vt., the former presidential contender, blasted President Trump on Wednesday for hosting a large rally in Oklahoma this weekend amid the coronavirus outbreak simply “to hear cheers from his supporters.”"
"As Trump attacks WHO in a letter, member states remain loyal amid coronavirus pandemic",https://www.foxnews.com/world/trump-attacks-who-letter-member-states-remain-loyal-coronavirus-response,https://a57.foxnews.com/static.foxnews.com/foxnews.com/content/uploads/2020/05/156/88/Tedros-Trump_AP.jpg?ve=1&tl=1,world,1 month ago,"President Trump’s letter of warning to the World Health Organization (WHO) was met with dismissal from member states during the WHO Tuesday, as nations remained loyal to the organization rather than back the U.S."
Dr. Siegel offers positive outlook on dealing with 'second wave' of COVID-19 in fall,https://www.foxnews.com/media/siegel-offers-positive-news-on-projected-second-wave-of-covid,https://a57.foxnews.com/static.foxnews.com/foxnews.com/content/uploads/2020/04/156/88/siegel-1.jpg?ve=1&tl=1,media,2 months ago,"Dr. Marc Siegel told “Outnumbered’ on Wednesday that while the Centers for Disease Control and Prevention believes the coronavirus will have a second wave later in the year, the “good news” is that the United States is seeing “flattening of cases.”"
Online petition urges Disneyland Resort not to reopen amid fears of second coronavirus wave: 'Irresponsible',https://www.foxnews.com/travel/online-petition-disneyland-resort-not-reopen-coronavirus,https://a57.foxnews.com/static.foxnews.com/foxnews.com/content/uploads/2020/06/156/88/DisneylandPhasedReopening.jpg?ve=1&tl=1,travel,1 month ago,They think it’s downright goofy to open back up.
Jim Hanson: Iran’s aggression may force Trump to launch military attack,https://www.foxnews.com/opinion/jim-hanson-irans-aggression-may-force-trump-to-attack,https://a57.foxnews.com/media2.foxnews.com/BrightCove/694940094001/2019/06/13/156/88/694940094001_6048069211001_6048070293001-vs.jpg?ve=1&tl=1,opinion,1 year ago,The patience of the Trump administration with Iranian aggression is running out. A US military attack on Iran may be coming.
Kellyanne Conway slams Twitter's Trump fact-checks: They're done by 'people who attack him all day long',https://www.foxnews.com/media/kellyanne-conway-twitter-fact-check-trump-mail-in-ballot-fraud,https://a57.foxnews.com/static.foxnews.com/foxnews.com/content/uploads/2020/05/156/88/Kellyanne-Conway-Twitter-using-people-who-attack-Trump-to-factcheck-him.jpg?ve=1&tl=1,media,1 month ago,"In a sharp rebuke of Twitter's first-ever move to fact-check a tweet by President Trump, White House adviser to the president Kellyanne Conway insisted Wednesday that Democrats within the mainstream media cannot be relied upon."
Trump says 'scariest day of my life' was being told US was short on ventilators,https://www.foxnews.com/politics/trump-scariest-day-being-told-us-short-ventilators,https://a57.foxnews.com/static.foxnews.com/foxnews.com/content/uploads/2020/04/156/88/AP20101596418280.jpg?ve=1&tl=1,politics,3 months ago,"President Trump called it the ""scariest day of [his] life,"" when he learned the United States might not have enough ventilators to fight the novel coronavirus (COVID-19), during a White House press briefing on Tuesday."
Pete Buttigieg: States doing 'most of the work' on coronavirus because Trump has failed,https://www.foxnews.com/media/pete-buttigieg-states-trump-failed,https://a57.foxnews.com/static.foxnews.com/foxnews.com/content/uploads/2020/03/156/88/Trump-Buttigieg_AP.jpg?ve=1&tl=1,media,3 months ago,Former Indiana Mayor Pete Buttigieg said on Thursday that state and local governments have had to pick up the slack on the coronavirus as President Trump has failed to respond sufficiently.
Coronavirus testing kits to be provided by South Korea after Trump call,https://www.foxnews.com/world/coronavirus-testing-kits-south-korea-trump-call,https://a57.foxnews.com/cf-images.us-east-1.prod.boltdns.net/v1/static/694940094001/3df348f7-2f24-4ace-b396-c96045a98c5a/38e69786-f4c4-488f-9944-3d92f1dc2447/1280x720/match/156/88/image.jpg?ve=1&tl=1,world,3 months ago,Officials in South Korea said Wednesday that they plan to provide coronavirus testing kits to the U.S. after President Trump made a request for help to cope with the pandemic.
"Trump defends early coronavirus actions in contentious briefing, as Fauci regrets ‘poor choice of words’",https://www.foxnews.com/politics/trump-defends-early-actions-on-coronavirus-in-contentious-briefing-as-fauci-regrets-poor-choice-of-words,https://a57.foxnews.com/cf-images.us-east-1.prod.boltdns.net/v1/static/694940094001/1780aed1-cd6b-49d2-923a-293b68a45edf/8c571c42-ae79-43a9-b81d-71d4934231c9/1280x720/match/156/88/image.jpg?ve=1&tl=1,politics,3 months ago,"President Trump on Monday mounted a heated defense of his response to coronavirus during a combative briefing, as Dr. Anthony Fauci, the director of the National Institute of Allergy and Infectious Diseases, attempted to clarify his comment a day earlier that lives could have been saved had U.S. officials acted earlier."
Trump says there's 'light at the end of the tunnel' as White House pitches $6T coronavirus stimulus package,https://www.foxnews.com/politics/fauci-returns-to-coronavirus-briefing-as-trump-sees-light-at-the-end-of-the-tunnel,https://a57.foxnews.com/static.foxnews.com/foxnews.com/content/uploads/2020/03/156/88/AP20084811004853-1.jpg?ve=1&tl=1,politics,3 months ago,"Saying the country was nearing the ""the end of our historic battle"" with ""the invisible enemy"" of coronavirus, President Trump on Tuesday evening emphasized his desire for the country to reopen for business by Easter -- as his top economic adviser said Congress is ""getting closer and closer"" to passing an unprecedented fiscal stimulus package."
Trump officials eye 'additional steps' after executive order on immigration,https://www.foxnews.com/politics/trump-officialsadditional-steps-executive-order-immigratioon,https://a57.foxnews.com/cf-images.us-east-1.prod.boltdns.net/v1/static/694940094001/8d47d6a3-2852-4363-8f32-67e0aaf3cb22/c2a337ce-6148-48e6-b7f9-6a5bb0d5489e/1280x720/match/156/88/image.jpg?ve=1&tl=1,politics,2 months ago,"The Trump administration is eyeing “additional steps” to restrict immigration visas, just days after President Trump signed an executive order limiting immigration into the country."
"Dr. Deborah Birx on COVID-19 death toll in US, timeline for coronavirus vaccine",https://www.foxnews.com/transcript/dr-deborah-birx-on-covid-19-death-toll-in-us-timeline-for-coronavirus-vaccine,https://a57.foxnews.com/cf-images.us-east-1.prod.boltdns.net/v1/static/694940094001/67b90567-2546-4bbf-a645-e66ac4207773/f948a844-3661-464d-bd74-bd1ecb5ffdb7/1280x720/match/156/88/image.jpg?ve=1&tl=1,transcript,1 month ago,"Guests: Deborah Birx, Asa Hutchinson, Mark Parkinson, Jonah Goldberg, Donna Brazile, Josh Holmes"
Trump says Americans could see a second round of stimulus payments: 'We're talking about that',https://www.foxnews.com/politics/trump-on-approving-a-second-round-of-stimulus-payments-were-talking-about-that,https://a57.foxnews.com/cf-images.us-east-1.prod.boltdns.net/v1/static/694940094001/b4889ed9-cb48-4011-bba2-d43ebe9f1ef7/ac713ae1-3179-49ac-8ea3-8ad4fe1ab590/1280x720/match/156/88/image.jpg?ve=1&tl=1,politics,2 months ago,President Trump said Monday his administration was considering a second round of coronavirus stimulus payments.
Biden backs push to scrub Confederate names from military bases,https://www.foxnews.com/politics/biden-scrub-confederate-names-military-bases,https://a57.foxnews.com/cf-images.us-east-1.prod.boltdns.net/v1/static/694940094001/2495906a-9c6d-4738-b4b9-faba132e5eea/fd0e6fd0-db53-4339-8801-fc0b22d49fec/1280x720/match/156/88/image.jpg?ve=1&tl=1,politics,1 month ago,Former Vice President Joe Biden says he’s backing a push to the remove the names of Confederate leaders from the Civil War from all U.S. military assets – which stands in stark contrast to President Trump’s fierce opposition earlier this week to scrub those names from 10 military bases.
Pence insists Trump hasn't told him to slow pace of coronavirus testing,https://www.foxnews.com/media/mike-pence-trump-slow-coronavirus-testing,https://a57.foxnews.com/static.foxnews.com/foxnews.com/content/uploads/2020/04/156/88/Pence-Mask-AP-3.jpg?ve=1&tl=1,media,7 days ago,Vice President Mike Pence told a Wisconsin media outlet Tuesday that President Trump has not directed him to slow the rate of coronavirus testing despite Trump making remarks to the contrary at a weekend rally in Oklahoma and insisting the comments were not a joke.
Trump calls himself a ‘wartime president’ over coronavirus as he invokes Defense Production Act,https://www.foxnews.com/politics/trump-announces-he-is-invoking-defense-production-act-to-fight-coronavirus,https://a57.foxnews.com/cf-images.us-east-1.prod.boltdns.net/v1/static/694940094001/8b5b7376-e424-41ab-a3c9-338f9b2d102f/10ed0bff-acf1-41f9-af4c-8e0ced41e925/1280x720/match/156/88/image.jpg?ve=1&tl=1,politics,4 months ago,"President Trump on Wednesday announced that he is invoking the Defense Production Act as part of the administration’s efforts to tackle the coronavirus pandemic -- and also described himself as being a ""wartime president."""
Pence tells 'Hannity' risk of coronavirus spread in US 'remains low' thanks to Trump's 'decisive action',https://www.foxnews.com/media/mike-pence-coronavirus-risk-remains-low-trump,https://a57.foxnews.com/static.foxnews.com/foxnews.com/content/uploads/2020/02/156/88/PenceHannity.jpg?ve=1&tl=1,media,4 months ago,"Vice President Mike Pence told Fox News' Sean Hannity in an exclusive interview Thursday that ""the risk of the spread of coronavirus in the United States of America remains low"" and credited what he called ""unprecedented action"" by President Trump earlier this month."
Second coronavirus case of unknown origin confirmed in California; Oregon confirms first 'community spread' case,https://www.foxnews.com/health/second-coronavirus-case-unknown-origin-confirmed-california-cdc,https://a57.foxnews.com/static.foxnews.com/foxnews.com/content/uploads/2020/02/156/88/AP20059002682408.jpg?ve=1&tl=1,health,4 months ago,"A second novel coronavirus case of ""unknown origin"" was discovered in the state of California on Friday, after a Santa Clara County resident reportedly tested positive for the disease."
"Foreign disinformation campaign on fake national quarantine trying to cause panic, Trump admin. officials say",https://www.foxnews.com/politics/trump-administration-warns-of-foreign-disinformation-campaign-amid-coronavirus-outbreak,https://a57.foxnews.com/cf-images.us-east-1.prod.boltdns.net/v1/static/694940094001/643c187e-0ec2-4335-a217-b5788ca30815/1c5c5375-3218-4810-9d12-cad0a60e6739/1280x720/match/156/88/image.jpg?ve=1&tl=1,politics,4 months ago,"Trump administration officials say a foreign disinformation campaign is trying to spread fear amid the coronavirus pandemic, with false rumors of a nationwide quarantine and more."
"Patti LuPone says 'this country is doomed' amid coronavirus crisis, reveals plans if Trump wins second term",https://www.foxnews.com/entertainment/patti-lupone-country-doomed-coronavirus-crisis-reveals-plans-if-trump-wins-second-te,https://a57.foxnews.com/static.foxnews.com/foxnews.com/content/uploads/2018/09/156/88/patti-lupone-reuters.jpg?ve=1&tl=1,entertainment,1 month ago,"Patti LuPone is speaking her truth about the current state of America, and the Broadway veteran admitted that if it continues under President Trump's reign come November, she's packing her bags."
Trump administration hits back after China kicks out US journalists amid coronavirus pandemic,https://www.foxnews.com/world/china-coronavirus-us-journalists-national-security-council,https://a57.foxnews.com/static.foxnews.com/foxnews.com/content/uploads/2020/03/156/88/coronavirus4.jpg?ve=1&tl=1,world,4 months ago,"China on Tuesday escalated its tit-for-tat propaganda war with the United States over who's to blame for the spread of the coronavirus by placing restrictive measures on several top media companies including The New York Times, The Washington Post and The Wall Street Journal, prompting strong opposition from the Trump administration."
Trump calls on states to 'LIBERATE' their people from coronavirus restrictions,https://www.foxnews.com/politics/trump-liberate-states-economy-reopen,https://a57.foxnews.com/static.foxnews.com/foxnews.com/content/uploads/2020/04/156/88/AP20106822924562.jpg?ve=1&tl=1,politics,2 months ago,President Trump seemed to have endorsed growing demonstrations by residents calling for states to reopen their economies after weeks of restrictions induced by the coronavirus pandemic.
"Trump vows to resupply national stockpile, saying 'cupboards were bare' amid coronavirus pandemic",https://www.foxnews.com/politics/trump-resupply-national-stockpile-the-cupboards-were-bare-coronavirus,https://a57.foxnews.com/cf-images.us-east-1.prod.boltdns.net/v1/static/694940094001/852e6737-4738-4848-ad76-9b7e460882db/fc0d16df-e929-474a-a1ab-caf378d466f1/1280x720/match/156/88/image.jpg?ve=1&tl=1,politics,2 months ago,President Trump announced on Thursday his administration’s move to restock the country’s national stockpile and industrial base in an effort to prevent any shortages of medical supplies or personal protective equipment amid a public health crisis.
California pastor who prophesied Kanye West's transformation 4 years ago predicts this about Trump,https://www.foxnews.com/faith-values/california-pastor-trump-kanye-shawn-bolz-prophetic-christian,https://a57.foxnews.com/static.foxnews.com/foxnews.com/content/uploads/2020/02/156/88/ShawnBolz1.jpg?ve=1&tl=1,faith-values,5 months ago,"Shawn Bolz, a prominent pastor in Los Angeles who has prophesied about many things from Kanye West to President Trump, told Fox News his number one mission is to make it mainstream."
"White House, Dems close in on new $450B coronavirus small biz package; Trump announces testing milestone",https://www.foxnews.com/us/white-house-dems-close-in-on-new-450b-coronavirus-small-biz-package-trump-announces-testing-milestone,https://a57.foxnews.com/static.foxnews.com/foxnews.com/content/uploads/2020/04/156/88/MnuchinTrump042020.jpg?ve=1&tl=1,us,2 months ago,
The Dow's biggest single-day gains and losses in history,http://feeds.foxnews.com/~r/foxnews/business/~3/SVN2rqDEmAA/the-dows-biggest-single-day-drops-in-history,https://a57.foxnews.com/a57.foxnews.com/static.foxbusiness.com/foxbusiness.com/content/uploads/2020/02/0/0/156/88/stock-exchange-trader-AP-001.jpg?ve=1&tl=1?ve=1&tl=1,markets,2 years ago,A historical look at the Dow's biggest point gains and losses.
"Trump set to preside over record spending, deficits as coronavirus costs explode",https://www.foxnews.com/politics/trump-set-to-preside-spending-deficits-coronavirus,https://a57.foxnews.com/cf-images.us-east-1.prod.boltdns.net/v1/static/694940094001/5435f1c3-8b87-4977-990b-88f822c60003/7a823487-ca48-4e93-8fa4-92ae1b198630/1280x720/match/156/88/image.jpg?ve=1&tl=1,politics,3 months ago,"Following the passage of the $2.2 trillion CARES Act late last month, Goldman Sachs reportedly has forecast that the federal deficit will reach $3.6 trillion for 2020."
Tom Cotton: China will have to face 'reckoning' for coronavirus pandemic,https://www.foxnews.com/media/tom-cotton-china-will-face-reckoning-when-this-is-over,https://a57.foxnews.com/static.foxnews.com/foxnews.com/content/uploads/2020/03/156/88/7a9f515a-cotton.jpg?ve=1&tl=1,media,3 months ago,"Sen. Tom Cotton, R-Ark., said on Monday that the United States must attempt to remove essential medical manufacturing from China after their handling of the coronavirus outbreak."
"US, Mexico, Canada extend coronavirus travel restrictions for another month",https://www.foxnews.com/politics/us-mexico-canada-extend-coronavirus-travel-restrictions-for-another-month,https://a57.foxnews.com/media.foxbusiness.com/BrightCove/854081161001/202003/1741/156/88/854081161001_6145869765001_6145872193001-vs.jpg?ve=1&tl=1,politics,2 months ago,"The United States, Mexico and Canada are extending restrictions on non-essential travel for an additional 30 days due to the coronavirus crisis, the Department of Homeland Security said Monday."
"Trump prepares for first campaign rally in months in Tulsa amid concerns about coronavirus, violence",https://www.foxnews.com/politics/trump-hold-campaign-rally-in-tulsa,https://a57.foxnews.com/static.foxnews.com/foxnews.com/content/uploads/2020/06/156/88/Trump-Tulsa-Rally-Getty-3.jpg?ve=1&tl=1,politics,11 days ago,"President Trump on Saturday will head to Tulsa, Oklahoma to address what is likely to be a packed rally of supporters -- despite objections from local officials about the potential spread of the coronavirus, and fears that violence could break out as protesters as well as supporters flock to the event."
Judge refuses to block Trump's coronavirus green card freeze,https://www.foxnews.com/politics/judge-refuses-to-block-trumps-coronavirus-green-card-freeze,https://a57.foxnews.com/cf-images.us-east-1.prod.boltdns.net/v1/static/694940094001/4ded30ab-a7fd-4575-a102-2eacbfcc517c/0b9b23c3-f89e-4738-aa6d-fd2c33924d00/1280x720/match/156/88/image.jpg?ve=1&tl=1,politics,2 months ago,A federal judge in Oregon who previously blocked President Trump’s order to bar immigrants who lacked or could not afford health insurance refused to do the same with regard to Trump’s recent pause on green cards.
"Today on Fox News: June 5, 2020",https://www.foxnews.com/media/today-on-fox-news-june-5-2020,https://a57.foxnews.com/static.foxnews.com/foxnews.com/content/uploads/2019/04/156/88/fox-news-channel-logo.jpg?ve=1&tl=1,media,1 month ago,A federal judge in Oregon who previously blocked President Trump’s order to bar immigrants who lacked or could not afford health insurance refused to do the same with regard to Trump’s recent pause on green cards.
"Trump says Thunderbirds, Blue Angels will do flyovers across country to honor medical workers",https://www.foxnews.com/politics/trump-says-thunderbirds-blue-angels-will-do-flyovers-to-honor-medical-workers,https://a57.foxnews.com/static.foxnews.com/foxnews.com/content/uploads/2020/04/156/88/blue-angles-2-US-NAVY.jpg?ve=1&tl=1,politics,2 months ago,"Trump did not say which cities the Thunderbirds and Blue Angels, the U.S. military's two top flight demonstration teams dedicated to showcasing America's air prowess, would be flying over."
Biden gaffe tests patience of black supporters,https://www.foxnews.com/politics/biden-gaffe-tests-patience-of-black-supporters,https://a57.foxnews.com/cf-images.us-east-1.prod.boltdns.net/v1/static/694940094001/bf17d030-a6dc-40da-8f3c-799ab4478173/16e859c7-bd5f-45f5-8678-78dffb303a98/1280x720/match/156/88/image.jpg?ve=1&tl=1,politics,1 month ago,"Trump campaign goes on attack, calls Biden’s line ""dehumanizing."""
"Trump wants cruise ship passengers to stay at sea, but leaves decision up to Pence",https://www.foxnews.com/politics/trump-visits-cdc-coronavirus,https://a57.foxnews.com/static.foxnews.com/foxnews.com/content/uploads/2020/03/156/88/AP20066592596144.jpg?ve=1&tl=1,politics,4 months ago,"President Trump visited the Centers for Disease Control and Prevention Friday for a briefing on the coronavirus, following a scare earlier this week that a CDC staffer had contracted the COVID-19 virus."
Trying To Unite After A Tough Week For America,https://radio.foxnews.com/2020/06/05/the-fox-news-rundown-6-5-2020/,https://a57.foxnews.com/radio.foxnews.com/wp-content/uploads/2020/05/156/88/Rundown-Featured-Image-NEW.png?ve=1&tl=1,radio,1 month ago,"This week, Americans all across the country protested against police brutality following the death of George Floyd. Some protests became violent in areas like New York, Los Angeles and even Washington D.C. President Trump has been met with a lot of criticism on his handling and response to the prot"
"Trump says he can’t confirm China’s coronavirus case numbers, warns of 'horrific' days to come",https://www.foxnews.com/politics/trump-says-he-cant-confirm-chinas-coronavirus-case-numbers-amid-accusations-of-underreporting-we-really-dont-know,https://a57.foxnews.com/cf-images.us-east-1.prod.boltdns.net/v1/static/694940094001/a51ec5ef-1658-4467-9195-d041f1716c13/9de65018-558b-4bcd-b128-b8d4ce34cf02/1280x720/match/156/88/image.jpg?ve=1&tl=1,politics,3 months ago,"President Trump said Wednesday he could not confirm the veracity of the numbers of coronavirus cases and deaths being reported by China, as he warned Americans to brace for more “horrific” days in dealing with the virus."
Trump slams Pelosi as 'weak and pathetic puppet' in latest coronavirus clash,https://www.foxnews.com/politics/trump-slams-pelosi-as-weak-and-pathetic-puppet,https://a57.foxnews.com/media2.foxnews.com/BrightCove/694940094001/2020/01/06/156/88/694940094001_6120050291001_6120052753001-vs.jpg?ve=1&tl=1,politics,3 months ago,President Trump on Thursday blasted House Speaker Nancy Pelosi as a “weak and pathetic puppet” in their latest clash over funding for the World Health Organization and other issues amid the coronavirus crisis.
Trump suggests coronavirus pandemic worse than the Spanish flu in some ways,https://www.foxnews.com/politics/trump-suggests-coronavirus-pandemic-worse-than-the-spanish-flu-in-some-ways,https://a57.foxnews.com/cf-images.us-east-1.prod.boltdns.net/v1/static/694940094001/6bb63029-4ace-409c-859a-7f0f7622d236/aba1126e-b29a-4c97-9681-ee63376fb868/1280x720/match/156/88/image.jpg?ve=1&tl=1,politics,2 months ago,"President Trump on Tuesday appeared to suggest that the coronavirus pandemic is worse than the Spanish flu pandemic at the end of World War I that killed at least 50 million people, including about 675,000 in the United States."
"World Health Organization leader asks US to reconsider freezing funds, vows to continue fighting coronavirus",https://www.foxnews.com/world/world-health-organization-leader-asks-us-to-reconsider-freezing-funds-vow-to-continue-fighting-coronavirus,https://a57.foxnews.com/static.foxnews.com/foxnews.com/content/uploads/2020/04/156/88/AP20100094339426.jpg?ve=1&tl=1,world,3 months ago,"Calling the United States a ""longstanding and generous friend,"" the head of the World Health Organization on Wednesday said he ""regrets"" President Trump's decision to freeze millions of dollars in funding to the global group and said he hoped the White House would reconsider."
Victor Davis Hanson: US leads coronavirus fight — world looks to America now and for recovery,https://www.foxnews.com/opinion/coronavirus-us-leadership-trump-victor-davis-hanson,https://a57.foxnews.com/static.foxnews.com/foxnews.com/content/uploads/2020/03/156/88/Trump-Media-2.jpg?ve=1&tl=1,opinion,3 months ago,A current global myth alleges that America under the Trump administration is not leading the world fight against the coronavirus in its accustomed role as the postwar global leader.
"Trump, at White House briefing, outlines broad measures to combat coronavirus in hardest-hit states",https://www.foxnews.com/politics/trump-coronavirus-briefing-measures-hardest-hit-states,https://a57.foxnews.com/cf-images.us-east-1.prod.boltdns.net/v1/static/694940094001/2e40b36a-8cbd-4ecc-b8ee-b62268b89afe/2dc83a52-b2ec-4954-8383-6dfc4b455dea/1280x720/match/156/88/image.jpg?ve=1&tl=1,politics,3 months ago,President Trump outlined on Sunday broad measures the federal government is taking to help combat the coronavirus pandemic in three states hardest by the contagion.
Gordon G. Chang: Trump is right to ditch 5 decades of failed US-China engagement policy,https://www.foxnews.com/opinion/gordon-g-chang-trump-is-right-to-ditch-5-decades-of-failed-us-china-engagement-policy,https://a57.foxnews.com/cf-images.us-east-1.prod.boltdns.net/v1/static/694940094001/c5fa251f-367d-4c83-a1a2-106165cf8932/39265033-9327-47f1-8875-dd7f4a17edcf/1280x720/match/156/88/image.jpg?ve=1&tl=1,opinion,1 month ago,"China has been challenging the United States across the board, and President Trump – with comprehensive comments Friday – signaled the United States would defend itself across the board."
Dem lawmaker wants Trump prosecuted at international court for 'crimes against humanity',https://www.foxnews.com/politics/dem-lawmaker-wants-trump-prosecuted-at-the-hague-for-crimes-against-humanity,https://a57.foxnews.com/static.foxnews.com/foxnews.com/content/uploads/2020/04/156/88/Tavia-Galonski-Ohio-House-of-Representatives.jpg?ve=1&tl=1,politics,3 months ago,"A Democratic state representative in Ohio said she ""can't take it anymore"" and vowed to refer President Trump to the International Criminal Court for ""crimes against humanity"" over Trump's promotion of a drug that has not been conclusively proven to fight the coronavirus."
Top Dem super PAC rolling out $6M in ads attacking Trump's coronavirus response,https://www.foxnews.com/politics/super-pac-priorities-usa-trump-coronavirus,https://a57.foxnews.com/static.foxnews.com/foxnews.com/content/uploads/2020/03/156/88/18c34981-AP20070593627529.jpg?ve=1&tl=1,politics,3 months ago,"A super PAC led by a former aide to Hillary Clinton is rolling out a $6 million ad campaign starting Tuesday, attacking President Trump's response to the coronavirus pandemic."
Potential coronavirus vaccine enters human testing trial,https://www.foxnews.com/us/potential-coronavirus-vaccine-enters-human-testing-trial,https://a57.foxnews.com/static.foxnews.com/foxnews.com/content/uploads/2020/04/156/88/Vaccine042320.jpg?ve=1&tl=1,us,2 months ago,"A super PAC led by a former aide to Hillary Clinton is rolling out a $6 million ad campaign starting Tuesday, attacking President Trump's response to the coronavirus pandemic."
Trump announces public-private partnership to develop coronavirus vaccine 'by the end of the year if we can',https://www.foxnews.com/politics/trump-announces-partnership-coronavirus-vaccine,https://a57.foxnews.com/cf-images.us-east-1.prod.boltdns.net/v1/static/694940094001/55560d1f-95fe-46b8-b8f5-a431f32326e7/d570abd3-4ad5-4fcb-8e18-563f6e39b157/1280x720/match/156/88/image.jpg?ve=1&tl=1,politics,2 months ago,"President Trump on Friday announced a new public-private partnership to develop a vaccine for the novel coronavirus as part of what's being called “Operation Warp Speed,"" saying he hopes it will be produced ""quickly"" and will possibly be ready by the end of the year."
Coronavirus: President Trump said US authorities 'shut it down.' Here's what that means,https://www.foxnews.com/travel/airlines-us-coronavirus-outbreak-travelers-china,https://a57.foxnews.com/static.foxnews.com/foxnews.com/content/uploads/2020/02/156/88/AP20031262536366.jpg?ve=1&tl=1,travel,5 months ago,"On Sunday, the Department of Homeland Security issued a restricted travel edict."
House passes $3T coronavirus relief -- the most expensive bill in history,https://www.foxnews.com/politics/house-passes-3t-coronavirus-relief-the-most-expensive-bill-in-history,https://a57.foxnews.com/static.foxnews.com/foxnews.com/content/uploads/2020/05/156/88/image-20.jpg?ve=1&tl=1,politics,2 months ago,"The House of Representatives on Friday evening passed a $3 trillion coronavirus relief bill, the most expensive legislation approved by that body in history, that Democrats hailed as the unprecedented response needed to deal with the pandemic and its economic fallout."
"Feinstein urges Trump to reverse plan to block Iran request for $5B in IMF aid, claims it is in ‘our national interest’",https://www.foxnews.com/politics/feinstein-trump-iran-imf-aid,https://a57.foxnews.com/media2.foxnews.com/BrightCove/694940094001/2019/12/11/156/88/694940094001_6114959854001_6114960747001-vs.jpg?ve=1&tl=1,politics,3 months ago,"Sen. Dianne Feinstein, D-Calif., has written to President Trump urging him to reverse a reported plan to block an Iranian request to the International Monetary Fund (IMF) for $5 billion in aid to fight the coronavirus crisis -- saying it is in the U.S. national interest to accede to the request."
Kay Coles James: Trump’s coronavirus national emergency declaration helps mobilize nation,https://www.foxnews.com/opinion/kay-coles-james-trumps-coronavirus-national-emergency-declaration-helps-mobilize-nation,https://a57.foxnews.com/cf-images.us-east-1.prod.boltdns.net/v1/static/694940094001/d36b7e8a-7587-4244-972b-ef1cde5a81b8/44bf2fe1-3072-4f8e-bd67-39e435707923/1280x720/match/156/88/image.jpg?ve=1&tl=1,opinion,4 months ago,"President Trump’s declaration of a national emergency Friday to deal with the coronavirus pandemic is anything but a sign to panic. Instead, it’s a reassurance to the American people."
Which US states are ready for phase 1 of reopening after coronavirus lockdown?,https://www.foxnews.com/us/which-states-ready-phase-1-reopening-coronavirus,https://a57.foxnews.com/static.foxnews.com/foxnews.com/content/uploads/2020/04/156/88/TrumpPlan041720.jpg?ve=1&tl=1,us,3 months ago,"Some states are starting to plan for a return to normalcy, though many are in no rush to do so."
Tennessee pushes forward with reopening businesses despite the rise of COVID-19 cases,https://www.foxnews.com/media/tennessee-pushes-forward-reopening-businesses-despite-coronavirus,https://a57.foxnews.com/static.foxnews.com/foxnews.com/content/uploads/2020/05/156/88/Sen-Blackburn-Video.00_04_42_16.Still001.jpg?ve=1&tl=1,media,2 months ago,"Sen. Marsha Blackburn, R-Tenn., says she thinks her state is “doing very well with the reopening,” despite those who say businesses should remain closed."
Trump predicts coronavirus vaccine 'before the end of the year' as case count surges in parts of US,https://www.foxnews.com/media/trump-coronavirus-vaccine-before-end-of-year,https://a57.foxnews.com/static.foxnews.com/foxnews.com/content/uploads/2020/06/156/88/Trump-Green-Bay-AP.jpg?ve=1&tl=1,media,6 days ago,"President Trump predicted Thursday during a ""Hannity"" town hall in Green Bay, Wis. that ""before the end of the year, we’ll have a vaccine"" for the coronavirus."
Trump unapologetically uses phrase ‘Chinese Virus’ as clash escalates with China over its origins,https://www.foxnews.com/politics/gloves-off-over-coronavirus-trump-administration-china-escalate-clash-over-origins,https://a57.foxnews.com/cf-images.us-east-1.prod.boltdns.net/v1/static/694940094001/9f9c9edc-3cef-4025-addc-e6884b076840/0675edf8-60b8-48fd-9a33-ff3b1d7e7474/1280x720/match/156/88/image.jpg?ve=1&tl=1,politics,4 months ago,"The war of words between the Trump administration and China over the origin of coronavirus has escalated as President Trump is going out of his way to call it the ""Chinese Virus"" and China has embarked on a propaganda campaign to shift blame for the pandemic away from the Chinese Communist Party's handling of the crisis."
"Republicans, immigration hawks call on Trump to further expand immigration restrictions amid economic woes",https://www.foxnews.com/politics/republicans-immigration-hawks-trump-expand-immigration,https://a57.foxnews.com/cf-images.us-east-1.prod.boltdns.net/v1/static/694940094001/6a5be3fa-4912-4bee-b891-de04b655f2c0/d4d122e5-5f1c-4a57-a840-c7ebc4f93965/1280x720/match/156/88/image.jpg?ve=1&tl=1,politics,2 months ago,Republicans and immigration hawks are increasing the pressure on President Trump to expand restrictions on immigration into the U.S. amid the dire economic situation -- calling on Trump to limit the number of temporary guest workers coming into the country.
"Immigration hawks underwhelmed by executive order, call for Trump to 'do better'",https://www.foxnews.com/politics/immigration-hawks-executive-order-trump,https://a57.foxnews.com/cf-images.us-east-1.prod.boltdns.net/v1/static/694940094001/6a5be3fa-4912-4bee-b891-de04b655f2c0/d4d122e5-5f1c-4a57-a840-c7ebc4f93965/1280x720/match/156/88/image.jpg?ve=1&tl=1,politics,2 months ago,"Even as President Trump faces blistering criticism from Democrats for his executive order restricting immigration into the U.S., he is also encountering significant pushback from immigration hawks -- who argue the order falls short of the moratorium they were expecting, and are demanding Trump “do better.”"
Americans face nearly unprecedented travel restrictions inside US as states rush to stem coronavirus tide,https://www.foxnews.com/politics/states-rush-to-place-travel-restrictions-on-out-of-state-visitors-as-cornavirus-crisis-continues,https://a57.foxnews.com/media.foxbusiness.com/BrightCove/854081161001/202003/1741/156/88/854081161001_6145869765001_6145872193001-vs.jpg?ve=1&tl=1,politics,3 months ago,"Taken together, these travel restrictions, which reach nearly every corner of the United States, are a nearly unprecedented limitation of Americans' movement as every level of government is scrambling to prevent the spread of the coronavirus."
James Carafano: Trump’s coronavirus national emergency declaration allows US to escalate war on virus,https://www.foxnews.com/opinion/james-carafano-trumps-coronavirus-national-emergency-declaration-allows-us-to-escalate-war-on-virus,https://a57.foxnews.com/cf-images.us-east-1.prod.boltdns.net/v1/static/694940094001/c8921479-de13-4854-a3f1-dfb3aeb9c099/c3b5913f-e446-488c-abb9-2a0826a0b9a1/1280x720/match/156/88/image.jpg?ve=1&tl=1,opinion,4 months ago,The national emergency declaration greatly expands the resources available to states and communities for dealing with the coronavirus and the fallout from the pandemic.
Ford tells White House Trump should wear coronavirus mask when visiting plant this week,https://www.foxnews.com/politics/ford-tells-white-house-trump-should-wear-coronavirus-mask-when-visiting-plant-this-week,https://a57.foxnews.com/static.foxnews.com/foxnews.com/content/uploads/2020/05/156/88/AP20135707400163.jpg?ve=1&tl=1,politics,1 month ago,"President Trump and officials accompanying him to a Ford Motor Company factory in Michigan that manufactures ventilators on Thursday were recommended to wear masks at the facility, the auto-maker said Tuesday."
Dale Wilcox: Trump's coronavirus immigration halt is legal and necessary,https://www.foxnews.com/opinion/trump-immigration-halt-coronavirus-legal-necessary-dale-wilcox,https://a57.foxnews.com/cf-images.us-east-1.prod.boltdns.net/v1/static/694940094001/33a6e076-7912-4246-b9e3-0d508f012484/9b5d3cf9-1a49-4924-b18c-cddf7bcd1400/1280x720/match/156/88/image.jpg?ve=1&tl=1,opinion,2 months ago,"This executive order is all about helping the struggling everyman, and yet the avalanche of criticism has already begun. Critics say it is racist, xenophobic and illegal. All of those accusations are false."
More than a dozen USS Theodore Roosevelt sailors test positive for coronavirus a second time,https://www.foxnews.com/us/uss-theodore-roosevelt-sailors-positive-coronavirus-second-time,https://a57.foxnews.com/static.foxnews.com/foxnews.com/content/uploads/2020/03/156/88/USS-Theodore-Roosevelt-REUTERS.jpg?ve=1&tl=1,us,2 months ago,"At least 13 sailors serving aboard the sidelined USS Theodore Roosevelt have tested positive for the coronavirus a second time, according to reports."
Pence tells 'Ingraham Angle' Trump will move to reopen the economy 'at a responsible moment',https://www.foxnews.com/media/pence-trump-reopen-economy-at-responsible-moment,https://a57.foxnews.com/static.foxnews.com/foxnews.com/content/uploads/2020/03/156/88/6fe76517-pence.jpg?ve=1&tl=1,media,3 months ago,Vice President Mike Pence told Fox News' Laura Ingraham in an exclusive interview airing Tuesday that the Food and Drug Administration (FDA) is very close to approving a viable antibody test that will help determine an individual's immunity to the coronavirus.
"Coronavirus cases in US exceed 1,000, as Michigan sees its first cases",https://www.foxnews.com/health/us-nears-1000-coronavirus-cases-first-infected-confirmed-in-michigan-report,https://a57.foxnews.com/static.foxnews.com/foxnews.com/content/uploads/2020/03/156/88/AP20071056806738.jpg?ve=1&tl=1,health,4 months ago,"The first cases of coronavirus have been confirmed in Michigan on Tuesday night, as the total amount of infected in the U.S. nears 1,000."
James Carville predicts 'Democratic wipeout' in November after Trump's coronavirus response,https://www.foxnews.com/media/james-carville-democratic-wipeout-2020,https://a57.foxnews.com/static.foxnews.com/foxnews.com/content/uploads/2020/02/156/88/James-Carville.jpg?ve=1&tl=1,media,3 months ago,Democratic strategist James Carville predicted on Wednesday that Democrats would easily achieve victory in November because of the way Trump handled the coronavirus pandemic.
MSNBC legal analyst suggests Trump is guilty of 'negligent homicide' for coronavirus response,https://www.foxnews.com/media/msnbc-glenn-kirschner-trump-coronavirus,https://a57.foxnews.com/static.foxnews.com/foxnews.com/content/uploads/2020/03/156/88/Glenn-Kischner-MSNBC.jpg?ve=1&tl=1,media,4 months ago,MSNBC legal analyst Glenn Kirschner argued on Tuesday that President Trump is in legal trouble over his response to the coronavirus outbreak.
Michigan AG tells Trump to wear mask while visiting Ford plant: It's 'the law',https://www.foxnews.com/politics/mich-ag-tells-trump-to-wear-mask,https://a57.foxnews.com/static.foxnews.com/foxnews.com/content/uploads/2020/05/156/88/ContentBroker_contentid-ca8c7726068648ec916083b9cec38827.png?ve=1&tl=1,politics,1 month ago,Michigan's attorney general urged President Trump to wear a face mask when he visits the state Thursday to tour a Ford Motor Co. plant.
Ex-NYT reporter Berenson skeptical about COVID spike: Positive test numbers alone 'not clinically meaningful',https://www.foxnews.com/media/alex-berenson-skeptical-coronavirus-spike-second-wave,https://a57.foxnews.com/static.foxnews.com/foxnews.com/content/uploads/2020/06/156/88/bb278f0f-image-14.jpg?ve=1&tl=1,media,1 month ago,"Former New York Times reporter Alex Berenson told ""The Story"" Friday that while he wasn't sure if the increased number of coronavirus cases in some parts of the country amount to a so-called ""second wave"" of the pandemic, the mainstream media's coverage shows that it ""just wants panic."""
"43 cases of coronavirus, 6 deaths in the US but risk to Americans 'remains low,' Pence says at WH briefing",https://www.foxnews.com/politics/coronavirus-risk-to-americans-low-pence-white-house-briefing,https://a57.foxnews.com/static.foxnews.com/foxnews.com/content/uploads/2020/03/156/88/AP20062839755665.jpg?ve=1&tl=1,politics,4 months ago,"Vice President Pence confirmed that there are 43 cases of coronavirus in the U.S. but said the risk ""remains low"" for the American people."
Liz Peek: Coronavirus and China – 4 ways US can start to avenge deaths of hundreds of thousands,https://www.foxnews.com/opinion/coronavirus-china-4-ways-avenge-deaths-liz-peek,https://a57.foxnews.com/cf-images.us-east-1.prod.boltdns.net/v1/static/694940094001/62fd0d3c-de57-4371-8a8a-54f05b27bca2/7ddf95b2-0620-47eb-acd3-c728be26206f/1280x720/match/156/88/image.jpg?ve=1&tl=1,opinion,2 months ago,People everywhere will demand that Beijing pay a price for the enormous loss of life and the incalculable damage done to economies around the globe.
60 percent of Americans approve of Trump’s handling of coronavirus: Gallup poll,https://www.foxnews.com/politics/gallup-poll-trump-coronavirus,https://a57.foxnews.com/cf-images.us-east-1.prod.boltdns.net/v1/static/694940094001/98427f52-98ef-4694-b2e7-420c935d2f92/bf8c63a9-7808-484c-9d96-7e56328dc6aa/1280x720/match/156/88/image.jpg?ve=1&tl=1,politics,3 months ago,"President Trump's approval numbers are as high as they've ever been throughout his presidency as he deals with the coronavirus outbreak, according to the latest Gallup poll."
$2 trillion wasn’t enough: Lawmakers already eyeing another coronavirus response bill,https://www.foxnews.com/politics/2-trillion-wasnt-enough-lawmakers-already-eyeing-another-coronavirus-response-bill,https://a57.foxnews.com/cf-images.us-east-1.prod.boltdns.net/v1/static/694940094001/7b7589a5-c2fe-447e-9a6d-10a093f901d5/10b9aae5-06d6-4232-8fcf-2a0c57c3b7a8/1280x720/match/156/88/image.jpg?ve=1&tl=1,politics,3 months ago,"On the heels of the largest stimulus package passed in U.S. history, lawmakers on Capitol Hill and administration officials are contemplating yet another piece of legislation to provide economic relief amid the coronavirus outbreak."
"Global coronavirus infections tally surpasses 500,000, more than 120,000 recovered",https://www.foxnews.com/world/global-coronavirus-infections-500000,https://a57.foxnews.com/static.foxnews.com/foxnews.com/content/uploads/2020/03/156/88/SouthKoreaCorona_1.jpg?ve=1&tl=1,world,3 months ago,The global tally of coronavirus infections reached more than half a million people on Thursday after a spike in cases reported in Italy.
"Warren, Senate Democrats call for investigation into Trump administration response to coronavirus",https://www.foxnews.com/politics/warren-senate-democrats-call-for-investigation-into-trump-administration-response-to-coronavirus,https://a57.foxnews.com/cf-images.us-east-1.prod.boltdns.net/v1/static/694940094001/4945bb35-293d-4da2-924c-c8772c8d08b1/0cb394b4-67d8-4adf-86df-1fe83793e05a/1280x720/match/156/88/image.jpg?ve=1&tl=1,politics,2 months ago,"Sen. Elizabeth Warren and nine other Democratic senators called for investigations into the Trump administration’s response to the coronavirus pandemic on Wednesday, calling for answers over whether “political expediency” rather than the country’s urgent public health needs have driven the administration’s decisions."